Timestamp_ms,Roll_deg,Pitch_deg,Yaw_deg,Q0,Q1,Q2,Q3
1680000000000.0,0.11,0.0,0.0,1.0,0.001,0.0,0.0
1680000000010.0,0.23,-0.01,-0.0,1.0,0.002,-0.0001,0.0
1680000000020.0,0.34,-0.02,-0.0,1.0,0.003,-0.0002,0.0
1680000000030.0,0.46,-0.04,-0.0,1.0,0.004,-0.0003,0.0
1680000000040.0,0.57,-0.06,-0.0,1.0,0.005,-0.0005,0.0
1680000000050.0,0.68,-0.08,-0.0,1.0,0.0059,-0.0007,0.0
1680000000060.0,0.79,-0.11,-0.0,1.0,0.0069,-0.0009,0.0
1680000000070.0,0.91,-0.12,-0.0,1.0,0.0079,-0.0011,0.0
1680000000080.0,1.02,-0.14,-0.0,1.0,0.0089,-0.0012,0.0
1680000000090.0,1.13,-0.15,-0.0,1.0,0.0099,-0.0013,0.0
1680000000100.0,1.25,-0.15,-0.0,0.9999,0.0109,-0.0013,-0.0
1680000000110.0,1.36,-0.14,-0.0,0.9999,0.0119,-0.0012,-0.0
1680000000120.0,1.48,-0.12,-0.0,0.9999,0.0129,-0.0011,-0.0
1680000000130.0,1.59,-0.11,-0.0,0.9999,0.0139,-0.0009,-0.0
1680000000140.0,1.7,-0.08,-0.0,0.9999,0.0149,-0.0007,-0.0
1680000000150.0,1.81,-0.06,-0.0,0.9999,0.0158,-0.0005,-0.0
1680000000160.0,1.93,-0.04,-0.0,0.9999,0.0168,-0.0003,-0.0
1680000000170.0,2.04,-0.02,-0.0,0.9998,0.0178,-0.0002,-0.0
1680000000180.0,2.15,-0.01,-0.0,0.9998,0.0188,-0.0001,-0.0
1680000000190.0,2.27,0.0,-0.0,0.9998,0.0198,0.0,-0.0
1680000000200.0,2.38,0.0,-0.0,0.9998,0.0208,0.0,-0.0
1680000000210.0,2.5,-0.01,-0.0,0.9998,0.0218,-0.0001,-0.0
1680000000220.0,2.61,-0.02,-0.0,0.9997,0.0228,-0.0002,-0.0
1680000000230.0,2.72,-0.04,-0.0,0.9997,0.0238,-0.0003,-0.0
1680000000240.0,2.84,-0.06,-0.0,0.9997,0.0247,-0.0005,-0.0
1680000000250.0,2.95,-0.08,-0.0,0.9997,0.0257,-0.0007,-0.0
1680000000260.0,3.06,-0.11,-0.0,0.9996,0.0267,-0.0009,-0.0
1680000000270.0,3.17,-0.12,-0.0,0.9996,0.0277,-0.0011,-0.0
1680000000280.0,3.29,-0.14,-0.0,0.9996,0.0287,-0.0012,0.0
1680000000290.0,3.4,-0.15,-0.0,0.9996,0.0297,-0.0013,0.0
1680000000300.0,3.52,-0.15,-0.0,0.9995,0.0307,-0.0013,0.0
1680000000310.0,3.63,-0.14,-0.0,0.9995,0.0317,-0.0012,-0.0
1680000000320.0,3.74,-0.12,-0.01,0.9995,0.0327,-0.0011,-0.0
1680000000330.0,3.86,-0.11,-0.01,0.9994,0.0336,-0.0009,-0.0
1680000000340.0,3.97,-0.08,-0.01,0.9994,0.0346,-0.0007,-0.0
1680000000350.0,4.08,-0.06,-0.01,0.9994,0.0356,-0.0005,-0.0
1680000000360.0,4.19,-0.04,-0.01,0.9993,0.0366,-0.0003,-0.0
1680000000370.0,4.31,-0.02,-0.01,0.9993,0.0376,-0.0002,-0.0
1680000000380.0,4.42,-0.01,-0.01,0.9993,0.0385,-0.0001,-0.0
1680000000390.0,4.53,0.0,-0.01,0.9992,0.0395,0.0,-0.0001
1680000000400.0,4.65,0.0,-0.01,0.9992,0.0405,0.0,-0.0001
1680000000410.0,4.76,-0.01,-0.01,0.9991,0.0415,-0.0001,-0.0
1680000000420.0,4.87,-0.02,-0.01,0.9991,0.0425,-0.0002,-0.0
1680000000430.0,4.99,-0.04,-0.01,0.9991,0.0435,-0.0003,-0.0
1680000000440.0,5.1,-0.06,-0.01,0.999,0.0445,-0.0005,-0.0
1680000000450.0,5.21,-0.08,-0.01,0.999,0.0455,-0.0007,-0.0
1680000000460.0,5.32,-0.11,-0.01,0.9989,0.0464,-0.0009,-0.0
1680000000470.0,5.44,-0.12,-0.01,0.9989,0.0474,-0.0011,-0.0
1680000000480.0,5.55,-0.14,-0.01,0.9988,0.0484,-0.0012,-0.0
1680000000490.0,5.66,-0.15,-0.01,0.9988,0.0494,-0.0013,0.0
1680000000500.0,5.78,-0.15,-0.01,0.9987,0.0504,-0.0013,0.0
1680000000510.0,5.89,-0.14,-0.01,0.9987,0.0514,-0.0012,-0.0
1680000000520.0,6.0,-0.12,-0.01,0.9986,0.0524,-0.0011,-0.0
1680000000530.0,6.12,-0.11,-0.01,0.9986,0.0533,-0.0009,-0.0
1680000000540.0,6.23,-0.08,-0.01,0.9985,0.0543,-0.0007,-0.0
1680000000550.0,6.34,-0.06,-0.01,0.9985,0.0553,-0.0005,-0.0
1680000000560.0,6.45,-0.04,-0.01,0.9984,0.0563,-0.0003,-0.0001
1680000000570.0,6.56,-0.02,-0.01,0.9984,0.0573,-0.0002,-0.0001
1680000000580.0,6.68,-0.01,-0.01,0.9983,0.0582,-0.0001,-0.0001
1680000000590.0,6.79,0.0,-0.01,0.9982,0.0592,0.0,-0.0001
1680000000600.0,6.9,0.0,-0.01,0.9982,0.0602,0.0,-0.0001
1680000000610.0,7.02,-0.01,-0.01,0.9981,0.0612,-0.0001,-0.0001
1680000000620.0,7.13,-0.02,-0.01,0.9981,0.0622,-0.0002,-0.0001
1680000000630.0,7.24,-0.04,-0.01,0.998,0.0632,-0.0003,-0.0001
1680000000640.0,7.36,-0.06,-0.01,0.9979,0.0641,-0.0005,-0.0
1680000000650.0,7.47,-0.08,-0.01,0.9979,0.0651,-0.0007,-0.0
1680000000660.0,7.58,-0.11,-0.01,0.9978,0.0661,-0.0009,-0.0
1680000000670.0,7.69,-0.12,-0.01,0.9977,0.0671,-0.0011,-0.0
1680000000680.0,7.8,-0.14,-0.01,0.9977,0.068,-0.0012,-0.0
1680000000690.0,7.92,-0.15,-0.01,0.9976,0.069,-0.0013,0.0
1680000000700.0,8.03,-0.14,-0.01,0.9975,0.07,-0.0013,0.0
1680000000710.0,8.14,-0.14,-0.01,0.9975,0.071,-0.0012,-0.0
1680000000720.0,8.26,-0.12,-0.01,0.9974,0.072,-0.0011,-0.0
1680000000730.0,8.37,-0.11,-0.01,0.9973,0.073,-0.0009,-0.0
1680000000740.0,8.48,-0.08,-0.01,0.9973,0.0739,-0.0007,-0.0
1680000000750.0,8.59,-0.06,-0.01,0.9972,0.0749,-0.0005,-0.0001
1680000000760.0,8.7,-0.04,-0.01,0.9971,0.0759,-0.0003,-0.0001
1680000000770.0,8.81,-0.02,-0.01,0.997,0.0768,-0.0002,-0.0001
1680000000780.0,8.93,-0.01,-0.01,0.997,0.0778,-0.0001,-0.0001
1680000000790.0,9.04,0.0,-0.01,0.9969,0.0788,0.0,-0.0001
1680000000800.0,9.15,0.0,-0.01,0.9968,0.0798,0.0,-0.0001
1680000000810.0,9.27,-0.01,-0.01,0.9967,0.0808,-0.0001,-0.0001
1680000000820.0,9.38,-0.02,-0.01,0.9967,0.0818,-0.0002,-0.0001
1680000000830.0,9.49,-0.04,-0.01,0.9966,0.0827,-0.0003,-0.0001
1680000000840.0,9.6,-0.06,-0.01,0.9965,0.0837,-0.0005,-0.0001
1680000000850.0,9.71,-0.08,-0.01,0.9964,0.0847,-0.0007,-0.0
1680000000860.0,9.82,-0.11,-0.01,0.9963,0.0856,-0.0009,-0.0
1680000000870.0,9.94,-0.12,-0.01,0.9962,0.0866,-0.0011,-0.0
1680000000880.0,10.05,-0.14,-0.01,0.9962,0.0876,-0.0012,-0.0
1680000000890.0,10.16,-0.14,-0.01,0.9961,0.0886,-0.0013,0.0
1680000000900.0,10.27,-0.14,-0.01,0.996,0.0895,-0.0013,0.0
1680000000910.0,10.39,-0.14,-0.01,0.9959,0.0905,-0.0012,-0.0
1680000000920.0,10.5,-0.12,-0.01,0.9958,0.0915,-0.0011,-0.0
1680000000930.0,10.61,-0.1,-0.01,0.9957,0.0925,-0.0009,-0.0
1680000000940.0,10.72,-0.08,-0.01,0.9956,0.0934,-0.0007,-0.0001
1680000000950.0,10.83,-0.06,-0.01,0.9955,0.0944,-0.0005,-0.0001
1680000000960.0,10.94,-0.04,-0.01,0.9954,0.0954,-0.0003,-0.0001
1680000000970.0,11.05,-0.02,-0.01,0.9954,0.0963,-0.0002,-0.0001
1680000000980.0,11.17,-0.01,-0.01,0.9953,0.0973,-0.0001,-0.0001
1680000000990.0,11.28,0.0,-0.01,0.9952,0.0983,0.0,-0.0001
1680000001000.0,11.39,0.0,-0.01,0.9951,0.0992,0.0,-0.0001
1680000001010.0,11.5,-0.01,-0.01,0.995,0.1002,-0.0001,-0.0001
1680000001020.0,11.62,-0.02,-0.01,0.9949,0.1012,-0.0002,-0.0001
1680000001030.0,11.73,-0.04,-0.01,0.9948,0.1022,-0.0003,-0.0001
1680000001040.0,11.84,-0.06,-0.01,0.9947,0.1031,-0.0005,-0.0001
1680000001050.0,11.95,-0.08,-0.01,0.9946,0.1041,-0.0007,-0.0001
1680000001060.0,12.06,-0.1,-0.01,0.9945,0.105,-0.0009,-0.0
1680000001070.0,12.17,-0.12,-0.01,0.9944,0.106,-0.0011,-0.0
1680000001080.0,12.28,-0.14,-0.02,0.9943,0.107,-0.0012,-0.0
1680000001090.0,12.39,-0.14,-0.02,0.9942,0.1079,-0.0013,0.0
1680000001100.0,12.51,-0.14,-0.02,0.994,0.1089,-0.0013,0.0
1680000001110.0,12.62,-0.14,-0.02,0.9939,0.1099,-0.0012,-0.0
1680000001120.0,12.73,-0.12,-0.02,0.9938,0.1109,-0.0011,-0.0
1680000001130.0,12.84,-0.1,-0.02,0.9937,0.1118,-0.0009,-0.0
1680000001140.0,12.95,-0.08,-0.02,0.9936,0.1128,-0.0007,-0.0001
1680000001150.0,13.06,-0.06,-0.02,0.9935,0.1137,-0.0005,-0.0001
1680000001160.0,13.17,-0.04,-0.02,0.9934,0.1147,-0.0003,-0.0001
1680000001170.0,13.28,-0.02,-0.02,0.9933,0.1156,-0.0002,-0.0001
1680000001180.0,13.39,-0.0,-0.02,0.9932,0.1166,-0.0001,-0.0001
1680000001190.0,13.5,0.0,-0.02,0.9931,0.1176,0.0,-0.0002
1680000001200.0,13.62,0.0,-0.02,0.9929,0.1185,0.0,-0.0002
1680000001210.0,13.73,-0.0,-0.02,0.9928,0.1195,-0.0001,-0.0001
1680000001220.0,13.84,-0.02,-0.02,0.9927,0.1205,-0.0002,-0.0001
1680000001230.0,13.95,-0.04,-0.02,0.9926,0.1214,-0.0003,-0.0001
1680000001240.0,14.06,-0.06,-0.02,0.9925,0.1224,-0.0005,-0.0001
1680000001250.0,14.17,-0.08,-0.02,0.9924,0.1233,-0.0007,-0.0001
1680000001260.0,14.28,-0.1,-0.02,0.9922,0.1243,-0.0009,-0.0
1680000001270.0,14.39,-0.12,-0.02,0.9921,0.1252,-0.0011,-0.0
1680000001280.0,14.5,-0.14,-0.02,0.992,0.1262,-0.0012,-0.0
1680000001290.0,14.61,-0.14,-0.02,0.9919,0.1272,-0.0013,0.0
1680000001300.0,14.72,-0.14,-0.02,0.9918,0.1281,-0.0013,0.0
1680000001310.0,14.84,-0.14,-0.02,0.9916,0.1291,-0.0012,-0.0
1680000001320.0,14.95,-0.12,-0.02,0.9915,0.1301,-0.0011,-0.0
1680000001330.0,15.06,-0.1,-0.02,0.9914,0.131,-0.0009,-0.0
1680000001340.0,15.17,-0.08,-0.02,0.9913,0.132,-0.0007,-0.0001
1680000001350.0,15.28,-0.06,-0.02,0.9911,0.1329,-0.0005,-0.0001
1680000001360.0,15.38,-0.04,-0.02,0.991,0.1339,-0.0003,-0.0001
1680000001370.0,15.49,-0.02,-0.02,0.9909,0.1348,-0.0002,-0.0001
1680000001380.0,15.6,-0.0,-0.02,0.9907,0.1358,-0.0001,-0.0002
1680000001390.0,15.72,0.0,-0.02,0.9906,0.1367,0.0,-0.0002
1680000001400.0,15.83,0.0,-0.02,0.9905,0.1377,0.0,-0.0002
1680000001410.0,15.94,-0.0,-0.02,0.9903,0.1386,-0.0001,-0.0002
1680000001420.0,16.05,-0.02,-0.02,0.9902,0.1396,-0.0002,-0.0001
1680000001430.0,16.16,-0.04,-0.02,0.9901,0.1405,-0.0003,-0.0001
1680000001440.0,16.27,-0.06,-0.02,0.9899,0.1415,-0.0005,-0.0001
1680000001450.0,16.38,-0.08,-0.02,0.9898,0.1424,-0.0007,-0.0001
1680000001460.0,16.49,-0.1,-0.02,0.9897,0.1434,-0.0009,-0.0
1680000001470.0,16.6,-0.12,-0.02,0.9895,0.1443,-0.0011,-0.0
1680000001480.0,16.71,-0.14,-0.02,0.9894,0.1453,-0.0012,-0.0
1680000001490.0,16.82,-0.14,-0.02,0.9893,0.1462,-0.0013,0.0
1680000001500.0,16.93,-0.14,-0.02,0.9891,0.1472,-0.0013,0.0
1680000001510.0,17.04,-0.14,-0.02,0.989,0.1481,-0.0012,-0.0
1680000001520.0,17.15,-0.12,-0.02,0.9888,0.1491,-0.0011,-0.0
1680000001530.0,17.26,-0.1,-0.02,0.9887,0.15,-0.0009,-0.0001
1680000001540.0,17.37,-0.08,-0.02,0.9885,0.151,-0.0007,-0.0001
1680000001550.0,17.47,-0.06,-0.02,0.9884,0.1519,-0.0005,-0.0001
1680000001560.0,17.58,-0.04,-0.02,0.9883,0.1528,-0.0003,-0.0001
1680000001570.0,17.69,-0.02,-0.02,0.9881,0.1538,-0.0002,-0.0002
1680000001580.0,17.8,-0.0,-0.02,0.988,0.1547,-0.0001,-0.0002
1680000001590.0,17.91,0.01,-0.02,0.9878,0.1557,0.0,-0.0002
1680000001600.0,18.02,0.01,-0.02,0.9877,0.1566,0.0,-0.0002
1680000001610.0,18.13,-0.0,-0.02,0.9875,0.1576,-0.0001,-0.0002
1680000001620.0,18.24,-0.02,-0.02,0.9874,0.1585,-0.0002,-0.0002
1680000001630.0,18.35,-0.04,-0.02,0.9872,0.1595,-0.0003,-0.0001
1680000001640.0,18.46,-0.06,-0.02,0.9871,0.1604,-0.0005,-0.0001
1680000001650.0,18.57,-0.08,-0.02,0.9869,0.1613,-0.0007,-0.0001
1680000001660.0,18.68,-0.1,-0.02,0.9867,0.1623,-0.0009,-0.0001
1680000001670.0,18.78,-0.12,-0.02,0.9866,0.1632,-0.0011,-0.0
1680000001680.0,18.89,-0.14,-0.02,0.9864,0.1641,-0.0012,-0.0
1680000001690.0,19.0,-0.14,-0.02,0.9863,0.1651,-0.0013,0.0
1680000001700.0,19.11,-0.14,-0.02,0.9861,0.166,-0.0013,0.0
1680000001710.0,19.22,-0.14,-0.02,0.986,0.167,-0.0012,-0.0
1680000001720.0,19.33,-0.12,-0.02,0.9858,0.1679,-0.0011,-0.0
1680000001730.0,19.44,-0.1,-0.02,0.9856,0.1688,-0.0009,-0.0001
1680000001740.0,19.55,-0.08,-0.02,0.9855,0.1698,-0.0007,-0.0001
1680000001750.0,19.66,-0.06,-0.02,0.9853,0.1707,-0.0005,-0.0001
1680000001760.0,19.77,-0.03,-0.02,0.9852,0.1716,-0.0003,-0.0002
1680000001770.0,19.87,-0.01,-0.02,0.985,0.1726,-0.0002,-0.0002
1680000001780.0,19.98,-0.0,-0.02,0.9848,0.1735,-0.0,-0.0002
1680000001790.0,20.09,0.01,-0.02,0.9847,0.1744,0.0,-0.0002
1680000001800.0,20.2,0.01,-0.02,0.9845,0.1754,0.0,-0.0002
1680000001810.0,20.31,-0.0,-0.02,0.9843,0.1763,-0.0,-0.0002
1680000001820.0,20.42,-0.01,-0.02,0.9842,0.1773,-0.0002,-0.0002
1680000001830.0,20.53,-0.03,-0.03,0.984,0.1782,-0.0003,-0.0002
1680000001840.0,20.64,-0.06,-0.03,0.9838,0.1791,-0.0005,-0.0001
1680000001850.0,20.74,-0.08,-0.03,0.9837,0.18,-0.0007,-0.0001
1680000001860.0,20.85,-0.1,-0.03,0.9835,0.1809,-0.0009,-0.0001
1680000001870.0,20.96,-0.12,-0.03,0.9833,0.1819,-0.0011,-0.0
1680000001880.0,21.07,-0.14,-0.03,0.9831,0.1828,-0.0012,-0.0
1680000001890.0,21.18,-0.14,-0.03,0.983,0.1837,-0.0013,0.0
1680000001900.0,21.28,-0.14,-0.03,0.9828,0.1847,-0.0013,0.0
1680000001910.0,21.39,-0.13,-0.03,0.9826,0.1856,-0.0012,-0.0
1680000001920.0,21.5,-0.12,-0.03,0.9824,0.1865,-0.0011,-0.0
1680000001930.0,21.61,-0.1,-0.03,0.9823,0.1875,-0.0009,-0.0001
1680000001940.0,21.72,-0.08,-0.03,0.9821,0.1884,-0.0007,-0.0001
1680000001950.0,21.82,-0.06,-0.03,0.9819,0.1893,-0.0005,-0.0001
1680000001960.0,21.93,-0.03,-0.03,0.9817,0.1902,-0.0003,-0.0002
1680000001970.0,22.04,-0.01,-0.03,0.9816,0.1911,-0.0002,-0.0002
1680000001980.0,22.15,0.0,-0.03,0.9814,0.1921,-0.0,-0.0002
1680000001990.0,22.25,0.01,-0.03,0.9812,0.193,0.0,-0.0002
1680000002000.0,22.36,0.01,-0.03,0.981,0.1939,0.0,-0.0002
1680000002010.0,22.47,0.0,-0.03,0.9808,0.1948,-0.0,-0.0002
1680000002020.0,22.58,-0.01,-0.03,0.9806,0.1958,-0.0002,-0.0002
1680000002030.0,22.69,-0.03,-0.03,0.9805,0.1967,-0.0003,-0.0002
1680000002040.0,22.79,-0.06,-0.03,0.9803,0.1976,-0.0005,-0.0001
1680000002050.0,22.9,-0.08,-0.03,0.9801,0.1985,-0.0007,-0.0001
1680000002060.0,23.01,-0.1,-0.03,0.9799,0.1994,-0.0009,-0.0001
1680000002070.0,23.11,-0.12,-0.03,0.9797,0.2003,-0.0011,-0.0
1680000002080.0,23.22,-0.13,-0.03,0.9795,0.2013,-0.0012,-0.0
1680000002090.0,23.33,-0.14,-0.03,0.9793,0.2022,-0.0013,0.0
1680000002100.0,23.44,-0.14,-0.03,0.9792,0.2031,-0.0013,0.0
1680000002110.0,23.55,-0.13,-0.03,0.979,0.204,-0.0012,-0.0
1680000002120.0,23.65,-0.12,-0.03,0.9788,0.2049,-0.0011,-0.0
1680000002130.0,23.76,-0.1,-0.03,0.9786,0.2059,-0.0009,-0.0001
1680000002140.0,23.87,-0.08,-0.03,0.9784,0.2068,-0.0007,-0.0001
1680000002150.0,23.97,-0.05,-0.03,0.9782,0.2077,-0.0005,-0.0002
1680000002160.0,24.08,-0.03,-0.03,0.978,0.2086,-0.0003,-0.0002
1680000002170.0,24.18,-0.01,-0.03,0.9778,0.2095,-0.0002,-0.0002
1680000002180.0,24.29,0.0,-0.03,0.9776,0.2104,-0.0,-0.0003
1680000002190.0,24.4,0.01,-0.03,0.9774,0.2113,0.0,-0.0003
1680000002200.0,24.51,0.01,-0.03,0.9772,0.2122,0.0,-0.0003
1680000002210.0,24.61,0.0,-0.03,0.977,0.2132,-0.0,-0.0003
1680000002220.0,24.72,-0.01,-0.03,0.9768,0.2141,-0.0002,-0.0002
1680000002230.0,24.83,-0.03,-0.03,0.9766,0.215,-0.0003,-0.0002
1680000002240.0,24.93,-0.05,-0.03,0.9764,0.2159,-0.0005,-0.0002
1680000002250.0,25.04,-0.08,-0.03,0.9762,0.2168,-0.0007,-0.0001
1680000002260.0,25.14,-0.1,-0.03,0.976,0.2177,-0.0009,-0.0001
1680000002270.0,25.25,-0.12,-0.03,0.9758,0.2186,-0.0011,-0.0
1680000002280.0,25.36,-0.13,-0.03,0.9756,0.2195,-0.0012,-0.0
1680000002290.0,25.46,-0.14,-0.03,0.9754,0.2204,-0.0013,0.0
1680000002300.0,25.57,-0.14,-0.03,0.9752,0.2213,-0.0013,0.0
1680000002310.0,25.68,-0.13,-0.03,0.975,0.2222,-0.0012,-0.0
1680000002320.0,25.79,-0.12,-0.03,0.9748,0.2231,-0.0011,-0.0
1680000002330.0,25.89,-0.1,-0.03,0.9746,0.224,-0.0009,-0.0001
1680000002340.0,26.0,-0.08,-0.03,0.9744,0.2249,-0.0007,-0.0001
1680000002350.0,26.1,-0.05,-0.03,0.9742,0.2258,-0.0005,-0.0002
1680000002360.0,26.21,-0.03,-0.03,0.974,0.2267,-0.0003,-0.0002
1680000002370.0,26.31,-0.01,-0.03,0.9738,0.2276,-0.0002,-0.0003
1680000002380.0,26.42,0.0,-0.03,0.9735,0.2285,-0.0,-0.0003
1680000002390.0,26.53,0.01,-0.03,0.9733,0.2294,0.0,-0.0003
1680000002400.0,26.63,0.01,-0.03,0.9731,0.2303,0.0,-0.0003
1680000002410.0,26.74,0.0,-0.03,0.9729,0.2312,-0.0,-0.0003
1680000002420.0,26.85,-0.01,-0.03,0.9727,0.2321,-0.0002,-0.0003
1680000002430.0,26.95,-0.03,-0.03,0.9725,0.233,-0.0003,-0.0002
1680000002440.0,27.06,-0.05,-0.03,0.9723,0.2339,-0.0005,-0.0002
1680000002450.0,27.16,-0.08,-0.03,0.972,0.2348,-0.0007,-0.0001
1680000002460.0,27.26,-0.1,-0.03,0.9718,0.2357,-0.0009,-0.0001
1680000002470.0,27.37,-0.12,-0.03,0.9716,0.2366,-0.0011,-0.0
1680000002480.0,27.48,-0.13,-0.03,0.9714,0.2375,-0.0012,-0.0
1680000002490.0,27.58,-0.14,-0.03,0.9712,0.2384,-0.0013,0.0
1680000002500.0,27.69,-0.14,-0.03,0.9709,0.2393,-0.0013,0.0
1680000002510.0,27.79,-0.13,-0.03,0.9707,0.2402,-0.0012,-0.0
1680000002520.0,27.9,-0.12,-0.03,0.9705,0.2411,-0.0011,-0.0
1680000002530.0,28.01,-0.1,-0.03,0.9703,0.242,-0.0009,-0.0001
1680000002540.0,28.11,-0.08,-0.03,0.9701,0.2428,-0.0007,-0.0001
1680000002550.0,28.21,-0.05,-0.03,0.9698,0.2437,-0.0005,-0.0002
1680000002560.0,28.32,-0.03,-0.03,0.9696,0.2446,-0.0003,-0.0002
1680000002570.0,28.42,-0.01,-0.03,0.9694,0.2455,-0.0001,-0.0003
1680000002580.0,28.53,0.01,-0.03,0.9692,0.2464,-0.0,-0.0003
1680000002590.0,28.63,0.01,-0.03,0.9689,0.2473,0.0,-0.0003
1680000002600.0,28.74,0.01,-0.03,0.9687,0.2482,0.0,-0.0003
1680000002610.0,28.85,0.01,-0.03,0.9685,0.2491,-0.0,-0.0003
1680000002620.0,28.95,-0.01,-0.03,0.9683,0.25,-0.0001,-0.0003
1680000002630.0,29.06,-0.03,-0.03,0.968,0.2508,-0.0003,-0.0002
1680000002640.0,29.16,-0.05,-0.03,0.9678,0.2517,-0.0005,-0.0002
1680000002650.0,29.26,-0.08,-0.03,0.9676,0.2526,-0.0007,-0.0001
1680000002660.0,29.37,-0.1,-0.04,0.9673,0.2535,-0.0009,-0.0001
1680000002670.0,29.47,-0.12,-0.04,0.9671,0.2544,-0.0011,-0.0
1680000002680.0,29.58,-0.13,-0.04,0.9669,0.2552,-0.0012,-0.0
1680000002690.0,29.68,-0.14,-0.04,0.9666,0.2561,-0.0013,0.0
1680000002700.0,29.79,-0.14,-0.04,0.9664,0.257,-0.0013,0.0
1680000002710.0,29.89,-0.13,-0.04,0.9662,0.2579,-0.0012,-0.0
1680000002720.0,30.0,-0.12,-0.04,0.9659,0.2588,-0.0011,-0.0
1680000002730.0,30.1,-0.1,-0.04,0.9657,0.2597,-0.0009,-0.0001
1680000002740.0,30.2,-0.07,-0.04,0.9655,0.2605,-0.0007,-0.0001
1680000002750.0,30.31,-0.05,-0.04,0.9652,0.2614,-0.0005,-0.0002
1680000002760.0,30.41,-0.03,-0.04,0.965,0.2623,-0.0003,-0.0003
1680000002770.0,30.51,-0.01,-0.04,0.9648,0.2631,-0.0001,-0.0003
1680000002780.0,30.62,0.01,-0.04,0.9645,0.264,-0.0,-0.0003
1680000002790.0,30.72,0.02,-0.04,0.9643,0.2649,0.0,-0.0003
1680000002800.0,30.83,0.02,-0.04,0.964,0.2658,0.0,-0.0003
1680000002810.0,30.93,0.01,-0.04,0.9638,0.2667,-0.0,-0.0003
1680000002820.0,31.04,-0.01,-0.04,0.9635,0.2676,-0.0001,-0.0003
1680000002830.0,31.14,-0.03,-0.04,0.9633,0.2684,-0.0003,-0.0002
1680000002840.0,31.24,-0.05,-0.04,0.9631,0.2693,-0.0005,-0.0002
1680000002850.0,31.35,-0.07,-0.04,0.9628,0.2701,-0.0007,-0.0001
1680000002860.0,31.45,-0.1,-0.04,0.9626,0.271,-0.0009,-0.0001
1680000002870.0,31.55,-0.12,-0.04,0.9623,0.2719,-0.0011,-0.0
1680000002880.0,31.66,-0.13,-0.04,0.9621,0.2728,-0.0012,-0.0
1680000002890.0,31.76,-0.14,-0.04,0.9618,0.2736,-0.0013,0.0
1680000002900.0,31.87,-0.14,-0.04,0.9616,0.2745,-0.0013,0.0
1680000002910.0,31.97,-0.13,-0.04,0.9613,0.2754,-0.0012,-0.0
1680000002920.0,32.07,-0.12,-0.04,0.9611,0.2763,-0.0011,-0.0
1680000002930.0,32.18,-0.1,-0.04,0.9608,0.2771,-0.0009,-0.0001
1680000002940.0,32.28,-0.07,-0.04,0.9606,0.278,-0.0007,-0.0002
1680000002950.0,32.38,-0.05,-0.04,0.9603,0.2788,-0.0005,-0.0002
1680000002960.0,32.48,-0.02,-0.04,0.9601,0.2797,-0.0003,-0.0003
1680000002970.0,32.59,-0.0,-0.04,0.9598,0.2806,-0.0001,-0.0003
1680000002980.0,32.69,0.01,-0.04,0.9596,0.2814,-0.0,-0.0004
1680000002990.0,32.79,0.02,-0.04,0.9593,0.2823,0.0001,-0.0004
1680000003000.0,32.9,0.02,-0.04,0.9591,0.2832,0.0001,-0.0004
1680000003010.0,33.0,0.01,-0.04,0.9588,0.284,-0.0,-0.0004
1680000003020.0,33.11,-0.0,-0.04,0.9586,0.2849,-0.0001,-0.0003
1680000003030.0,33.21,-0.02,-0.04,0.9583,0.2858,-0.0003,-0.0003
1680000003040.0,33.31,-0.05,-0.04,0.958,0.2866,-0.0005,-0.0002
1680000003050.0,33.41,-0.07,-0.04,0.9578,0.2875,-0.0007,-0.0001
1680000003060.0,33.51,-0.1,-0.04,0.9575,0.2883,-0.0009,-0.0001
1680000003070.0,33.62,-0.12,-0.04,0.9573,0.2892,-0.0011,-0.0
1680000003080.0,33.72,-0.13,-0.04,0.957,0.29,-0.0012,0.0
1680000003090.0,33.82,-0.14,-0.04,0.9568,0.2909,-0.0013,0.0
1680000003100.0,33.93,-0.14,-0.04,0.9565,0.2918,-0.0013,0.0
1680000003110.0,34.03,-0.13,-0.04,0.9562,0.2926,-0.0012,-0.0
1680000003120.0,34.13,-0.12,-0.04,0.956,0.2935,-0.0011,-0.0
1680000003130.0,34.23,-0.1,-0.04,0.9557,0.2943,-0.0009,-0.0001
1680000003140.0,34.34,-0.07,-0.04,0.9554,0.2952,-0.0007,-0.0002
1680000003150.0,34.44,-0.05,-0.04,0.9552,0.296,-0.0005,-0.0002
1680000003160.0,34.54,-0.02,-0.04,0.9549,0.2969,-0.0003,-0.0003
1680000003170.0,34.64,-0.0,-0.04,0.9547,0.2977,-0.0001,-0.0003
1680000003180.0,34.74,0.01,-0.04,0.9544,0.2986,0.0,-0.0004
1680000003190.0,34.85,0.02,-0.04,0.9541,0.2994,0.0001,-0.0004
1680000003200.0,34.95,0.02,-0.04,0.9538,0.3003,0.0001,-0.0004
1680000003210.0,35.05,0.01,-0.04,0.9536,0.3011,-0.0,-0.0004
1680000003220.0,35.15,-0.0,-0.04,0.9533,0.302,-0.0001,-0.0003
1680000003230.0,35.26,-0.02,-0.04,0.953,0.3028,-0.0003,-0.0003
1680000003240.0,35.36,-0.05,-0.04,0.9528,0.3037,-0.0005,-0.0002
1680000003250.0,35.46,-0.07,-0.04,0.9525,0.3045,-0.0007,-0.0002
1680000003260.0,35.56,-0.1,-0.04,0.9522,0.3054,-0.0009,-0.0001
1680000003270.0,35.66,-0.12,-0.04,0.952,0.3062,-0.0011,-0.0
1680000003280.0,35.76,-0.13,-0.04,0.9517,0.307,-0.0012,0.0
1680000003290.0,35.87,-0.14,-0.04,0.9514,0.3079,-0.0013,0.0
1680000003300.0,35.97,-0.14,-0.04,0.9511,0.3087,-0.0013,0.0
1680000003310.0,36.07,-0.13,-0.04,0.9509,0.3096,-0.0012,-0.0
1680000003320.0,36.17,-0.12,-0.04,0.9506,0.3104,-0.0011,-0.0
1680000003330.0,36.27,-0.09,-0.04,0.9503,0.3113,-0.0009,-0.0001
1680000003340.0,36.37,-0.07,-0.04,0.95,0.3121,-0.0007,-0.0002
1680000003350.0,36.47,-0.04,-0.04,0.9498,0.3129,-0.0005,-0.0002
1680000003360.0,36.57,-0.02,-0.04,0.9495,0.3138,-0.0003,-0.0003
1680000003370.0,36.68,0.0,-0.04,0.9492,0.3146,-0.0001,-0.0004
1680000003380.0,36.78,0.02,-0.04,0.9489,0.3155,0.0,-0.0004
1680000003390.0,36.88,0.02,-0.04,0.9487,0.3163,0.0001,-0.0004
1680000003400.0,36.98,0.02,-0.04,0.9484,0.3172,0.0001,-0.0004
1680000003410.0,37.08,0.02,-0.04,0.9481,0.318,0.0,-0.0004
1680000003420.0,37.19,0.0,-0.04,0.9478,0.3188,-0.0001,-0.0004
1680000003430.0,37.29,-0.02,-0.04,0.9475,0.3197,-0.0003,-0.0003
1680000003440.0,37.39,-0.05,-0.04,0.9472,0.3205,-0.0005,-0.0002
1680000003450.0,37.49,-0.07,-0.04,0.947,0.3213,-0.0007,-0.0002
1680000003460.0,37.59,-0.1,-0.04,0.9467,0.3221,-0.0009,-0.0001
1680000003470.0,37.69,-0.12,-0.04,0.9464,0.323,-0.0011,-0.0
1680000003480.0,37.79,-0.13,-0.04,0.9461,0.3238,-0.0012,0.0
1680000003490.0,37.89,-0.14,-0.04,0.9458,0.3247,-0.0013,0.0
1680000003500.0,37.99,-0.14,-0.04,0.9455,0.3255,-0.0013,0.0
1680000003510.0,38.09,-0.13,-0.04,0.9453,0.3263,-0.0012,0.0
1680000003520.0,38.19,-0.12,-0.05,0.945,0.3272,-0.0011,-0.0
1680000003530.0,38.29,-0.09,-0.05,0.9447,0.328,-0.0009,-0.0001
1680000003540.0,38.39,-0.07,-0.05,0.9444,0.3288,-0.0007,-0.0002
1680000003550.0,38.49,-0.04,-0.05,0.9441,0.3296,-0.0005,-0.0003
1680000003560.0,38.59,-0.02,-0.05,0.9438,0.3304,-0.0003,-0.0003
1680000003570.0,38.69,0.0,-0.05,0.9435,0.3313,-0.0001,-0.0004
1680000003580.0,38.79,0.02,-0.05,0.9432,0.3321,0.0,-0.0004
1680000003590.0,38.89,0.03,-0.05,0.9429,0.3329,0.0001,-0.0005
1680000003600.0,39.0,0.03,-0.05,0.9427,0.3338,0.0001,-0.0005
1680000003610.0,39.1,0.02,-0.05,0.9424,0.3346,0.0,-0.0004
1680000003620.0,39.2,0.0,-0.05,0.9421,0.3354,-0.0001,-0.0004
1680000003630.0,39.3,-0.02,-0.05,0.9418,0.3362,-0.0003,-0.0003
1680000003640.0,39.4,-0.04,-0.05,0.9415,0.3371,-0.0005,-0.0002
1680000003650.0,39.49,-0.07,-0.05,0.9412,0.3379,-0.0007,-0.0002
1680000003660.0,39.59,-0.09,-0.05,0.9409,0.3387,-0.0009,-0.0001
1680000003670.0,39.69,-0.12,-0.05,0.9406,0.3395,-0.0011,-0.0
1680000003680.0,39.79,-0.13,-0.05,0.9403,0.3403,-0.0012,0.0
1680000003690.0,39.89,-0.14,-0.05,0.94,0.3412,-0.0013,0.0
1680000003700.0,40.0,-0.14,-0.05,0.9397,0.342,-0.0013,0.0
1680000003710.0,40.1,-0.13,-0.05,0.9394,0.3428,-0.0012,0.0
1680000003720.0,40.2,-0.11,-0.05,0.9391,0.3436,-0.0011,-0.0
1680000003730.0,40.3,-0.09,-0.05,0.9388,0.3444,-0.0009,-0.0001
1680000003740.0,40.39,-0.07,-0.05,0.9385,0.3453,-0.0007,-0.0002
1680000003750.0,40.49,-0.04,-0.05,0.9382,0.3461,-0.0005,-0.0003
1680000003760.0,40.59,-0.02,-0.05,0.9379,0.3469,-0.0003,-0.0003
1680000003770.0,40.69,0.01,-0.05,0.9376,0.3477,-0.0001,-0.0004
1680000003780.0,40.79,0.02,-0.05,0.9373,0.3485,0.0,-0.0005
1680000003790.0,40.89,0.03,-0.05,0.937,0.3493,0.0001,-0.0005
1680000003800.0,40.99,0.03,-0.05,0.9367,0.3501,0.0001,-0.0005
1680000003810.0,41.09,0.02,-0.05,0.9364,0.351,0.0,-0.0005
1680000003820.0,41.19,0.01,-0.05,0.9361,0.3518,-0.0001,-0.0004
1680000003830.0,41.29,-0.02,-0.05,0.9358,0.3526,-0.0003,-0.0003
1680000003840.0,41.39,-0.04,-0.05,0.9355,0.3534,-0.0005,-0.0003
1680000003850.0,41.49,-0.07,-0.05,0.9352,0.3542,-0.0007,-0.0002
1680000003860.0,41.58,-0.09,-0.05,0.9349,0.355,-0.0009,-0.0001
1680000003870.0,41.68,-0.12,-0.05,0.9346,0.3558,-0.0011,-0.0
1680000003880.0,41.78,-0.13,-0.05,0.9343,0.3566,-0.0012,0.0
1680000003890.0,41.88,-0.14,-0.05,0.9339,0.3574,-0.0013,0.0
1680000003900.0,41.98,-0.14,-0.05,0.9336,0.3582,-0.0013,0.0
1680000003910.0,42.08,-0.13,-0.05,0.9333,0.359,-0.0012,0.0
1680000003920.0,42.18,-0.11,-0.05,0.933,0.3598,-0.0011,-0.0
1680000003930.0,42.28,-0.09,-0.05,0.9327,0.3606,-0.0009,-0.0001
1680000003940.0,42.38,-0.07,-0.05,0.9324,0.3614,-0.0007,-0.0002
1680000003950.0,42.47,-0.04,-0.05,0.9321,0.3622,-0.0005,-0.0003
1680000003960.0,42.57,-0.01,-0.05,0.9318,0.363,-0.0003,-0.0004
1680000003970.0,42.67,0.01,-0.05,0.9315,0.3638,-0.0001,-0.0004
1680000003980.0,42.77,0.03,-0.05,0.9312,0.3646,0.0,-0.0005
1680000003990.0,42.87,0.03,-0.05,0.9308,0.3654,0.0001,-0.0005
1680000004000.0,42.97,0.03,-0.05,0.9305,0.3662,0.0001,-0.0005
1680000004010.0,43.07,0.03,-0.05,0.9302,0.367,0.0,-0.0005
1680000004020.0,43.17,0.01,-0.05,0.9299,0.3678,-0.0001,-0.0004
1680000004030.0,43.26,-0.01,-0.05,0.9296,0.3686,-0.0003,-0.0004
1680000004040.0,43.36,-0.04,-0.05,0.9293,0.3694,-0.0005,-0.0003
1680000004050.0,43.46,-0.07,-0.05,0.9289,0.3702,-0.0007,-0.0002
1680000004060.0,43.55,-0.09,-0.05,0.9286,0.371,-0.0009,-0.0001
1680000004070.0,43.65,-0.12,-0.05,0.9283,0.3718,-0.0011,-0.0
1680000004080.0,43.75,-0.13,-0.05,0.928,0.3726,-0.0012,0.0
1680000004090.0,43.85,-0.14,-0.05,0.9277,0.3734,-0.0013,0.0001
1680000004100.0,43.95,-0.14,-0.05,0.9273,0.3742,-0.0013,0.0
1680000004110.0,44.05,-0.13,-0.05,0.927,0.375,-0.0012,0.0
1680000004120.0,44.15,-0.11,-0.05,0.9267,0.3758,-0.0011,-0.0
1680000004130.0,44.24,-0.09,-0.05,0.9264,0.3766,-0.0009,-0.0001
1680000004140.0,44.34,-0.06,-0.05,0.9261,0.3774,-0.0007,-0.0002
1680000004150.0,44.44,-0.04,-0.05,0.9257,0.3781,-0.0005,-0.0003
1680000004160.0,44.53,-0.01,-0.05,0.9254,0.3789,-0.0003,-0.0004
1680000004170.0,44.63,0.01,-0.05,0.9251,0.3797,-0.0001,-0.0005
1680000004180.0,44.73,0.03,-0.05,0.9248,0.3805,0.0001,-0.0005
1680000004190.0,44.83,0.04,-0.05,0.9245,0.3813,0.0001,-0.0005
1680000004200.0,44.93,0.04,-0.05,0.9241,0.3821,0.0001,-0.0005
1680000004210.0,45.02,0.03,-0.05,0.9238,0.3829,0.0001,-0.0005
1680000004220.0,45.12,0.01,-0.05,0.9235,0.3837,-0.0001,-0.0005
1680000004230.0,45.22,-0.01,-0.05,0.9231,0.3845,-0.0003,-0.0004
1680000004240.0,45.32,-0.04,-0.05,0.9228,0.3852,-0.0005,-0.0003
1680000004250.0,45.41,-0.07,-0.05,0.9225,0.386,-0.0007,-0.0002
1680000004260.0,45.51,-0.09,-0.05,0.9222,0.3868,-0.0009,-0.0001
1680000004270.0,45.6,-0.12,-0.05,0.9218,0.3876,-0.0011,-0.0
1680000004280.0,45.7,-0.13,-0.05,0.9215,0.3883,-0.0012,0.0
1680000004290.0,45.8,-0.14,-0.05,0.9212,0.3891,-0.0013,0.0001
1680000004300.0,45.9,-0.14,-0.05,0.9208,0.3899,-0.0013,0.0001
1680000004310.0,46.0,-0.13,-0.05,0.9205,0.3907,-0.0012,0.0
1680000004320.0,46.09,-0.11,-0.05,0.9202,0.3915,-0.0011,-0.0
1680000004330.0,46.19,-0.09,-0.05,0.9199,0.3923,-0.0009,-0.0001
1680000004340.0,46.29,-0.06,-0.05,0.9195,0.393,-0.0007,-0.0002
1680000004350.0,46.38,-0.03,-0.05,0.9192,0.3938,-0.0005,-0.0003
1680000004360.0,46.48,-0.01,-0.05,0.9189,0.3946,-0.0002,-0.0004
1680000004370.0,46.57,0.02,-0.05,0.9185,0.3953,-0.0001,-0.0005
1680000004380.0,46.67,0.03,-0.05,0.9182,0.3961,0.0001,-0.0005
1680000004390.0,46.77,0.04,-0.05,0.9179,0.3969,0.0002,-0.0006
1680000004400.0,46.87,0.04,-0.05,0.9175,0.3977,0.0002,-0.0006
1680000004410.0,46.96,0.03,-0.05,0.9172,0.3985,0.0001,-0.0005
1680000004420.0,47.06,0.02,-0.05,0.9168,0.3992,-0.0001,-0.0005
1680000004430.0,47.16,-0.01,-0.05,0.9165,0.4,-0.0002,-0.0004
1680000004440.0,47.25,-0.04,-0.05,0.9162,0.4008,-0.0005,-0.0003
1680000004450.0,47.35,-0.06,-0.05,0.9158,0.4015,-0.0007,-0.0002
1680000004460.0,47.44,-0.09,-0.05,0.9155,0.4023,-0.0009,-0.0001
1680000004470.0,47.54,-0.12,-0.05,0.9152,0.4031,-0.0011,-0.0
1680000004480.0,47.64,-0.13,-0.05,0.9148,0.4038,-0.0012,0.0
1680000004490.0,47.73,-0.14,-0.05,0.9145,0.4046,-0.0013,0.0001
1680000004500.0,47.83,-0.14,-0.05,0.9141,0.4054,-0.0013,0.0001
1680000004510.0,47.93,-0.13,-0.05,0.9138,0.4062,-0.0012,0.0
1680000004520.0,48.02,-0.11,-0.05,0.9135,0.4069,-0.0011,-0.0
1680000004530.0,48.12,-0.09,-0.05,0.9131,0.4077,-0.0009,-0.0001
1680000004540.0,48.21,-0.06,-0.05,0.9128,0.4084,-0.0007,-0.0002
1680000004550.0,48.31,-0.03,-0.05,0.9124,0.4092,-0.0005,-0.0003
1680000004560.0,48.4,-0.0,-0.05,0.9121,0.41,-0.0002,-0.0004
1680000004570.0,48.5,0.02,-0.05,0.9118,0.4107,-0.0,-0.0005
1680000004580.0,48.6,0.04,-0.05,0.9114,0.4115,0.0001,-0.0006
1680000004590.0,48.69,0.05,-0.05,0.9111,0.4122,0.0002,-0.0006
1680000004600.0,48.79,0.05,-0.05,0.9107,0.413,0.0002,-0.0006
1680000004610.0,48.89,0.04,-0.05,0.9104,0.4138,0.0001,-0.0006
1680000004620.0,48.98,0.02,-0.05,0.91,0.4146,-0.0,-0.0005
1680000004630.0,49.08,-0.01,-0.05,0.9097,0.4153,-0.0002,-0.0004
1680000004640.0,49.17,-0.03,-0.05,0.9093,0.4161,-0.0005,-0.0003
1680000004650.0,49.27,-0.06,-0.05,0.909,0.4168,-0.0007,-0.0002
1680000004660.0,49.36,-0.09,-0.05,0.9087,0.4175,-0.0009,-0.0001
1680000004670.0,49.45,-0.12,-0.05,0.9083,0.4183,-0.0011,-0.0
1680000004680.0,49.55,-0.13,-0.05,0.908,0.4191,-0.0013,0.0001
1680000004690.0,49.65,-0.14,-0.06,0.9076,0.4198,-0.0013,0.0001
1680000004700.0,49.74,-0.14,-0.06,0.9072,0.4206,-0.0013,0.0001
1680000004710.0,49.84,-0.13,-0.06,0.9069,0.4214,-0.0013,0.0
1680000004720.0,49.94,-0.11,-0.06,0.9065,0.4221,-0.0011,-0.0
1680000004730.0,50.03,-0.09,-0.06,0.9062,0.4229,-0.0009,-0.0001
1680000004740.0,50.12,-0.06,-0.06,0.9058,0.4236,-0.0007,-0.0002
1680000004750.0,50.22,-0.03,-0.06,0.9055,0.4243,-0.0004,-0.0003
1680000004760.0,50.31,-0.0,-0.06,0.9052,0.4251,-0.0002,-0.0004
1680000004770.0,50.41,0.02,-0.06,0.9048,0.4258,-0.0,-0.0005
1680000004780.0,50.5,0.04,-0.06,0.9044,0.4266,0.0001,-0.0006
1680000004790.0,50.6,0.05,-0.06,0.9041,0.4273,0.0002,-0.0006
1680000004800.0,50.69,0.05,-0.06,0.9037,0.4281,0.0002,-0.0006
1680000004810.0,50.79,0.04,-0.06,0.9034,0.4289,0.0001,-0.0006
1680000004820.0,50.88,0.02,-0.06,0.903,0.4296,-0.0,-0.0005
1680000004830.0,50.98,-0.0,-0.06,0.9027,0.4303,-0.0002,-0.0004
1680000004840.0,51.07,-0.03,-0.06,0.9023,0.4311,-0.0005,-0.0003
1680000004850.0,51.17,-0.06,-0.06,0.902,0.4318,-0.0007,-0.0002
1680000004860.0,51.26,-0.09,-0.06,0.9016,0.4325,-0.0009,-0.0001
1680000004870.0,51.35,-0.12,-0.06,0.9013,0.4333,-0.0011,-0.0
1680000004880.0,51.45,-0.13,-0.06,0.9009,0.434,-0.0013,0.0001
1680000004890.0,51.54,-0.14,-0.06,0.9005,0.4348,-0.0013,0.0001
1680000004900.0,51.64,-0.14,-0.06,0.9002,0.4355,-0.0013,0.0001
1680000004910.0,51.73,-0.13,-0.06,0.8998,0.4363,-0.0013,0.0001
1680000004920.0,51.83,-0.11,-0.06,0.8994,0.437,-0.0011,-0.0
1680000004930.0,51.92,-0.09,-0.06,0.8991,0.4378,-0.0009,-0.0001
1680000004940.0,52.02,-0.06,-0.06,0.8987,0.4385,-0.0007,-0.0002
1680000004950.0,52.11,-0.03,-0.06,0.8984,0.4392,-0.0004,-0.0003
1680000004960.0,52.2,0.0,-0.06,0.898,0.44,-0.0002,-0.0005
1680000004970.0,52.3,0.03,-0.06,0.8977,0.4407,-0.0,-0.0006
1680000004980.0,52.39,0.05,-0.06,0.8973,0.4414,0.0001,-0.0006
1680000004990.0,52.48,0.06,-0.06,0.8969,0.4422,0.0002,-0.0007
