Timestamp_ms,Sensor_Type,Sensor_Name,Value_X,Value_Y,Value_Z
1700000000000,1,MTK Accelerometer,0.000,9.800,0.00736
1700000000010,1,MTK Accelerometer,0.000,9.800,0.00363
1700000000020,1,MTK Accelerometer,0.000,9.800,0.00330
1700000000030,1,MTK Accelerometer,0.000,9.800,0.01142
1700000000040,1,MTK Accelerometer,0.000,9.800,0.01369
1700000000050,1,MTK Accelerometer,0.000,9.800,0.01995
1700000000060,1,MTK Accelerometer,0.000,9.800,0.02283
1700000000070,1,MTK Accelerometer,0.000,9.800,0.02392
1700000000080,1,MTK Accelerometer,0.000,9.800,0.03325
1700000000090,1,MTK Accelerometer,0.000,9.800,0.02637
1700000000100,1,MTK Accelerometer,0.000,9.800,0.04391
1700000000110,1,MTK Accelerometer,0.000,9.800,0.03837
1700000000120,1,MTK Accelerometer,0.000,9.800,0.03874
1700000000130,1,MTK Accelerometer,0.000,9.800,0.03914
1700000000140,1,MTK Accelerometer,0.000,9.800,0.04198
1700000000150,1,MTK Accelerometer,0.000,9.800,0.03927
1700000000160,1,MTK Accelerometer,0.000,9.800,0.05054
1700000000170,1,MTK Accelerometer,0.000,9.800,0.04877
1700000000180,1,MTK Accelerometer,0.000,9.800,0.05231
1700000000190,1,MTK Accelerometer,0.000,9.800,0.05349
1700000000200,1,MTK Accelerometer,0.000,9.800,0.03904
1700000000210,1,MTK Accelerometer,0.000,9.800,0.04440
1700000000220,1,MTK Accelerometer,0.000,9.800,0.05075
1700000000230,1,MTK Accelerometer,0.000,9.800,0.03800
1700000000240,1,MTK Accelerometer,0.000,9.800,0.05050
1700000000250,1,MTK Accelerometer,0.000,9.800,0.04844
1700000000260,1,MTK Accelerometer,0.000,9.800,0.05004
1700000000270,1,MTK Accelerometer,0.000,9.800,0.04912
1700000000280,1,MTK Accelerometer,0.000,9.800,0.03759
1700000000290,1,MTK Accelerometer,0.000,9.800,0.03639
1700000000300,1,MTK Accelerometer,0.000,9.800,0.04448
1700000000310,1,MTK Accelerometer,0.000,9.800,0.03086
1700000000320,1,MTK Accelerometer,0.000,9.800,0.03591
1700000000330,1,MTK Accelerometer,0.000,9.800,0.03076
1700000000340,1,MTK Accelerometer,0.000,9.800,0.02759
1700000000350,1,MTK Accelerometer,0.000,9.800,0.02142
1700000000360,1,MTK Accelerometer,0.000,9.800,0.01956
1700000000370,1,MTK Accelerometer,0.000,9.800,0.02353
1700000000380,1,MTK Accelerometer,0.000,9.800,0.01354
1700000000390,1,MTK Accelerometer,0.000,9.800,0.00124
1700000000400,1,MTK Accelerometer,0.000,9.800,0.01222
1700000000410,1,MTK Accelerometer,0.000,9.800,0.00497
1700000000420,1,MTK Accelerometer,0.000,9.800,-0.01084
1700000000430,1,MTK Accelerometer,0.000,9.800,-0.00412
1700000000440,1,MTK Accelerometer,0.000,9.800,-0.00890
1700000000450,1,MTK Accelerometer,0.000,9.800,-0.01499
1700000000460,1,MTK Accelerometer,0.000,9.800,-0.01871
1700000000470,1,MTK Accelerometer,0.000,9.800,-0.01949
1700000000480,1,MTK Accelerometer,0.000,9.800,-0.02527
1700000000490,1,MTK Accelerometer,0.000,9.800,-0.01815
1700000000500,1,MTK Accelerometer,0.000,9.800,-0.02607
1700000000510,1,MTK Accelerometer,0.000,9.800,-0.02978
1700000000520,1,MTK Accelerometer,0.000,9.800,-0.03438
1700000000530,1,MTK Accelerometer,0.000,9.800,-0.03797
1700000000540,1,MTK Accelerometer,0.000,9.800,-0.03384
1700000000550,1,MTK Accelerometer,0.000,9.800,-0.03419
1700000000560,1,MTK Accelerometer,0.000,9.800,-0.05269
1700000000570,1,MTK Accelerometer,0.000,9.800,-0.04854
1700000000580,1,MTK Accelerometer,0.000,9.800,-0.04582
1700000000590,1,MTK Accelerometer,0.000,9.800,-0.05472
1700000000600,1,MTK Accelerometer,0.000,9.800,-0.04420
1700000000610,1,MTK Accelerometer,0.000,9.800,-0.05512
1700000000620,1,MTK Accelerometer,0.000,9.800,-0.04524
1700000000630,1,MTK Accelerometer,0.000,9.800,-0.04691
1700000000640,1,MTK Accelerometer,0.000,9.800,-0.04219
1700000000650,1,MTK Accelerometer,0.000,9.800,-0.04960
1700000000660,1,MTK Accelerometer,0.000,9.800,-0.05636
1700000000670,1,MTK Accelerometer,0.000,9.800,-0.05538
1700000000680,1,MTK Accelerometer,0.000,9.800,-0.04341
1700000000690,1,MTK Accelerometer,0.000,9.800,-0.04480
1700000000700,1,MTK Accelerometer,0.000,9.800,-0.03722
1700000000710,1,MTK Accelerometer,0.000,9.800,-0.03211
1700000000720,1,MTK Accelerometer,0.000,9.800,-0.03584
1700000000730,1,MTK Accelerometer,0.000,9.800,-0.03674
1700000000740,1,MTK Accelerometer,0.000,9.800,-0.03224
1700000000750,1,MTK Accelerometer,0.000,9.800,-0.02757
1700000000760,1,MTK Accelerometer,0.000,9.800,-0.03011
1700000000770,1,MTK Accelerometer,0.000,9.800,-0.01725
1700000000780,1,MTK Accelerometer,0.000,9.800,-0.02433
1700000000790,1,MTK Accelerometer,0.000,9.800,-0.01286
1700000000800,1,MTK Accelerometer,0.000,9.800,-0.01920
1700000000810,1,MTK Accelerometer,0.000,9.800,-0.01069
1700000000820,1,MTK Accelerometer,0.000,9.800,-0.00873
1700000000830,1,MTK Accelerometer,0.000,9.800,-0.00139
1700000000840,1,MTK Accelerometer,0.000,9.800,-0.00022
1700000000850,1,MTK Accelerometer,0.000,9.800,0.00308
1700000000860,1,MTK Accelerometer,0.000,9.800,0.01115
1700000000870,1,MTK Accelerometer,0.000,9.800,0.01279
1700000000880,1,MTK Accelerometer,0.000,9.800,0.01459
1700000000890,1,MTK Accelerometer,0.000,9.800,0.01964
1700000000900,1,MTK Accelerometer,0.000,9.800,0.02445
1700000000910,1,MTK Accelerometer,0.000,9.800,0.02020
1700000000920,1,MTK Accelerometer,0.000,9.800,0.03320
1700000000930,1,MTK Accelerometer,0.000,9.800,0.03965
1700000000940,1,MTK Accelerometer,0.000,9.800,0.03244
1700000000950,1,MTK Accelerometer,0.000,9.800,0.04108
1700000000960,1,MTK Accelerometer,0.000,9.800,0.03167
1700000000970,1,MTK Accelerometer,0.000,9.800,0.04211
1700000000980,1,MTK Accelerometer,0.000,9.800,0.04496
1700000000990,1,MTK Accelerometer,0.000,9.800,0.04896
1700000001000,1,MTK Accelerometer,0.000,9.800,0.05725
1700000001010,1,MTK Accelerometer,0.000,9.800,0.05185
1700000001020,1,MTK Accelerometer,0.000,9.800,0.04807
1700000001030,1,MTK Accelerometer,0.000,9.800,0.05691
1700000001040,1,MTK Accelerometer,0.000,9.800,0.04006
1700000001050,1,MTK Accelerometer,0.000,9.800,0.05141
1700000001060,1,MTK Accelerometer,0.000,9.800,0.04312
1700000001070,1,MTK Accelerometer,0.000,9.800,0.04869
1700000001080,1,MTK Accelerometer,0.000,9.800,0.05090
1700000001090,1,MTK Accelerometer,0.000,9.800,0.05118
1700000001100,1,MTK Accelerometer,0.000,9.800,0.04554
1700000001110,1,MTK Accelerometer,0.000,9.800,0.04703
1700000001120,1,MTK Accelerometer,0.000,9.800,0.04456
1700000001130,1,MTK Accelerometer,0.000,9.800,0.04579
1700000001140,1,MTK Accelerometer,0.000,9.800,0.03097
1700000001150,1,MTK Accelerometer,0.000,9.800,0.04040
1700000001160,1,MTK Accelerometer,0.000,9.800,0.03864
1700000001170,1,MTK Accelerometer,0.000,9.800,0.03232
1700000001180,1,MTK Accelerometer,0.000,9.800,0.02264
1700000001190,1,MTK Accelerometer,0.000,9.800,0.02211
1700000001200,1,MTK Accelerometer,0.000,9.800,0.01668
1700000001210,1,MTK Accelerometer,0.000,9.800,0.00955
1700000001220,1,MTK Accelerometer,0.000,9.800,0.02456
1700000001230,1,MTK Accelerometer,0.000,9.800,0.00333
1700000001240,1,MTK Accelerometer,0.000,9.800,0.00158
1700000001250,1,MTK Accelerometer,0.000,9.800,-0.00281
1700000001260,1,MTK Accelerometer,0.000,9.800,0.00060
1700000001270,1,MTK Accelerometer,0.000,9.800,0.00168
1700000001280,1,MTK Accelerometer,0.000,9.800,-0.00291
1700000001290,1,MTK Accelerometer,0.000,9.800,-0.01771
1700000001300,1,MTK Accelerometer,0.000,9.800,-0.01899
1700000001310,1,MTK Accelerometer,0.000,9.800,-0.02347
1700000001320,1,MTK Accelerometer,0.000,9.800,-0.04049
1700000001330,1,MTK Accelerometer,0.000,9.800,-0.02838
1700000001340,1,MTK Accelerometer,0.000,9.800,-0.02691
1700000001350,1,MTK Accelerometer,0.000,9.800,-0.02917
1700000001360,1,MTK Accelerometer,0.000,9.800,-0.04197
1700000001370,1,MTK Accelerometer,0.000,9.800,-0.04561
1700000001380,1,MTK Accelerometer,0.000,9.800,-0.03985
1700000001390,1,MTK Accelerometer,0.000,9.800,-0.04572
1700000001400,1,MTK Accelerometer,0.000,9.800,-0.05357
1700000001410,1,MTK Accelerometer,0.000,9.800,-0.04657
1700000001420,1,MTK Accelerometer,0.000,9.800,-0.03891
1700000001430,1,MTK Accelerometer,0.000,9.800,-0.05117
1700000001440,1,MTK Accelerometer,0.000,9.800,-0.05411
1700000001450,1,MTK Accelerometer,0.000,9.800,-0.04707
1700000001460,1,MTK Accelerometer,0.000,9.800,-0.05079
1700000001470,1,MTK Accelerometer,0.000,9.800,-0.05587
1700000001480,1,MTK Accelerometer,0.000,9.800,-0.05428
1700000001490,1,MTK Accelerometer,0.000,9.800,-0.04748
1700000001500,1,MTK Accelerometer,0.000,9.800,-0.05580
1700000001510,1,MTK Accelerometer,0.000,9.800,-0.05238
1700000001520,1,MTK Accelerometer,0.000,9.800,-0.04235
1700000001530,1,MTK Accelerometer,0.000,9.800,-0.04662
1700000001540,1,MTK Accelerometer,0.000,9.800,-0.04267
1700000001550,1,MTK Accelerometer,0.000,9.800,-0.02696
1700000001560,1,MTK Accelerometer,0.000,9.800,-0.03916
1700000001570,1,MTK Accelerometer,0.000,9.800,-0.03144
1700000001580,1,MTK Accelerometer,0.000,9.800,-0.03023
1700000001590,1,MTK Accelerometer,0.000,9.800,-0.02142
1700000001600,1,MTK Accelerometer,0.000,9.800,-0.01264
1700000001610,1,MTK Accelerometer,0.000,9.800,-0.01965
1700000001620,1,MTK Accelerometer,0.000,9.800,-0.01989
1700000001630,1,MTK Accelerometer,0.000,9.800,-0.01535
1700000001640,1,MTK Accelerometer,0.000,9.800,-0.01411
1700000001650,1,MTK Accelerometer,0.000,9.800,-0.00333
1700000001660,1,MTK Accelerometer,0.000,9.800,-0.00293
1700000001670,1,MTK Accelerometer,0.000,9.800,0.00052
1700000001680,1,MTK Accelerometer,0.000,9.800,-0.00043
1700000001690,1,MTK Accelerometer,0.000,9.800,0.00339
1700000001700,1,MTK Accelerometer,0.000,9.800,0.00540
1700000001710,1,MTK Accelerometer,0.000,9.800,0.01749
1700000001720,1,MTK Accelerometer,0.000,9.800,0.01469
1700000001730,1,MTK Accelerometer,0.000,9.800,0.02433
1700000001740,1,MTK Accelerometer,0.000,9.800,0.02111
1700000001750,1,MTK Accelerometer,0.000,9.800,0.02721
1700000001760,1,MTK Accelerometer,0.000,9.800,0.03628
1700000001770,1,MTK Accelerometer,0.000,9.800,0.04302
1700000001780,1,MTK Accelerometer,0.000,9.800,0.03865
1700000001790,1,MTK Accelerometer,0.000,9.800,0.04457
1700000001800,1,MTK Accelerometer,0.000,9.800,0.04021
1700000001810,1,MTK Accelerometer,0.000,9.800,0.03850
1700000001820,1,MTK Accelerometer,0.000,9.800,0.04645
1700000001830,1,MTK Accelerometer,0.000,9.800,0.05831
1700000001840,1,MTK Accelerometer,0.000,9.800,0.05745
1700000001850,1,MTK Accelerometer,0.000,9.800,0.04617
1700000001860,1,MTK Accelerometer,0.000,9.800,0.05136
1700000001870,1,MTK Accelerometer,0.000,9.800,0.05192
1700000001880,1,MTK Accelerometer,0.000,9.800,0.05150
1700000001890,1,MTK Accelerometer,0.000,9.800,0.04994
1700000001900,1,MTK Accelerometer,0.000,9.800,0.04956
1700000001910,1,MTK Accelerometer,0.000,9.800,0.04991
1700000001920,1,MTK Accelerometer,0.000,9.800,0.03821
1700000001930,1,MTK Accelerometer,0.000,9.800,0.04299
1700000001940,1,MTK Accelerometer,0.000,9.800,0.04191
1700000001950,1,MTK Accelerometer,0.000,9.800,0.04082
1700000001960,1,MTK Accelerometer,0.000,9.800,0.03719
1700000001970,1,MTK Accelerometer,0.000,9.800,0.03276
1700000001980,1,MTK Accelerometer,0.000,9.800,0.03487
1700000001990,1,MTK Accelerometer,0.000,9.800,0.02340
1700000002000,1,MTK Accelerometer,0.000,9.800,0.03401
1700000002010,1,MTK Accelerometer,0.000,9.800,0.02111
1700000002020,1,MTK Accelerometer,0.000,9.800,0.02084
1700000002030,1,MTK Accelerometer,0.000,9.800,0.01913
1700000002040,1,MTK Accelerometer,0.000,9.800,0.01564
1700000002050,1,MTK Accelerometer,0.000,9.800,0.02053
1700000002060,1,MTK Accelerometer,0.000,9.800,0.00748
1700000002070,1,MTK Accelerometer,0.000,9.800,-0.00016
1700000002080,1,MTK Accelerometer,0.000,9.800,-0.00256
1700000002090,1,MTK Accelerometer,0.000,9.800,-0.00618
1700000002100,1,MTK Accelerometer,0.000,9.800,-0.00674
1700000002110,1,MTK Accelerometer,0.000,9.800,-0.00789
1700000002120,1,MTK Accelerometer,0.000,9.800,-0.01365
1700000002130,1,MTK Accelerometer,0.000,9.800,-0.01815
1700000002140,1,MTK Accelerometer,0.000,9.800,-0.01673
1700000002150,1,MTK Accelerometer,0.000,9.800,-0.02253
1700000002160,1,MTK Accelerometer,0.000,9.800,-0.03670
1700000002170,1,MTK Accelerometer,0.000,9.800,-0.03222
1700000002180,1,MTK Accelerometer,0.000,9.800,-0.02870
1700000002190,1,MTK Accelerometer,0.000,9.800,-0.03933
1700000002200,1,MTK Accelerometer,0.000,9.800,-0.03491
1700000002210,1,MTK Accelerometer,0.000,9.800,-0.03160
1700000002220,1,MTK Accelerometer,0.000,9.800,-0.03974
1700000002230,1,MTK Accelerometer,0.000,9.800,-0.03632
1700000002240,1,MTK Accelerometer,0.000,9.800,-0.04005
1700000002250,1,MTK Accelerometer,0.000,9.800,-0.05022
1700000002260,1,MTK Accelerometer,0.000,9.800,-0.04443
1700000002270,1,MTK Accelerometer,0.000,9.800,-0.04286
1700000002280,1,MTK Accelerometer,0.000,9.800,-0.04334
1700000002290,1,MTK Accelerometer,0.000,9.800,-0.04225
1700000002300,1,MTK Accelerometer,0.000,9.800,-0.05116
1700000002310,1,MTK Accelerometer,0.000,9.800,-0.04983
1700000002320,1,MTK Accelerometer,0.000,9.800,-0.04679
1700000002330,1,MTK Accelerometer,0.000,9.800,-0.05448
1700000002340,1,MTK Accelerometer,0.000,9.800,-0.04555
1700000002350,1,MTK Accelerometer,0.000,9.800,-0.04249
1700000002360,1,MTK Accelerometer,0.000,9.800,-0.04534
1700000002370,1,MTK Accelerometer,0.000,9.800,-0.05476
1700000002380,1,MTK Accelerometer,0.000,9.800,-0.04547
1700000002390,1,MTK Accelerometer,0.000,9.800,-0.03855
1700000002400,1,MTK Accelerometer,0.000,9.800,-0.03190
1700000002410,1,MTK Accelerometer,0.000,9.800,-0.03424
1700000002420,1,MTK Accelerometer,0.000,9.800,-0.03089
1700000002430,1,MTK Accelerometer,0.000,9.800,-0.02538
1700000002440,1,MTK Accelerometer,0.000,9.800,-0.03384
1700000002450,1,MTK Accelerometer,0.000,9.800,-0.01466
1700000002460,1,MTK Accelerometer,0.000,9.800,-0.01218
1700000002470,1,MTK Accelerometer,0.000,9.800,-0.01603
1700000002480,1,MTK Accelerometer,0.000,9.800,-0.01348
1700000002490,1,MTK Accelerometer,0.000,9.800,-0.00346
1700000002500,1,MTK Accelerometer,0.000,9.800,0.00004
1700000002510,1,MTK Accelerometer,0.000,9.800,0.01322
1700000002520,1,MTK Accelerometer,0.000,9.800,0.01379
1700000002530,1,MTK Accelerometer,0.000,9.800,0.01329
1700000002540,1,MTK Accelerometer,0.000,9.800,0.01422
1700000002550,1,MTK Accelerometer,0.000,9.800,0.02292
1700000002560,1,MTK Accelerometer,0.000,9.800,0.02573
1700000002570,1,MTK Accelerometer,0.000,9.800,0.02744
1700000002580,1,MTK Accelerometer,0.000,9.800,0.02918
1700000002590,1,MTK Accelerometer,0.000,9.800,0.02796
1700000002600,1,MTK Accelerometer,0.000,9.800,0.03393
1700000002610,1,MTK Accelerometer,0.000,9.800,0.02607
1700000002620,1,MTK Accelerometer,0.000,9.800,0.03807
1700000002630,1,MTK Accelerometer,0.000,9.800,0.05695
1700000002640,1,MTK Accelerometer,0.000,9.800,0.05280
1700000002650,1,MTK Accelerometer,0.000,9.800,0.04446
1700000002660,1,MTK Accelerometer,0.000,9.800,0.05254
1700000002670,1,MTK Accelerometer,0.000,9.800,0.05254
1700000002680,1,MTK Accelerometer,0.000,9.800,0.04399
1700000002690,1,MTK Accelerometer,0.000,9.800,0.05166
1700000002700,1,MTK Accelerometer,0.000,9.800,0.04702
1700000002710,1,MTK Accelerometer,0.000,9.800,0.04870
1700000002720,1,MTK Accelerometer,0.000,9.800,0.04853
1700000002730,1,MTK Accelerometer,0.000,9.800,0.04999
1700000002740,1,MTK Accelerometer,0.000,9.800,0.04778
1700000002750,1,MTK Accelerometer,0.000,9.800,0.04005
1700000002760,1,MTK Accelerometer,0.000,9.800,0.04687
1700000002770,1,MTK Accelerometer,0.000,9.800,0.05261
1700000002780,1,MTK Accelerometer,0.000,9.800,0.03863
1700000002790,1,MTK Accelerometer,0.000,9.800,0.03684
1700000002800,1,MTK Accelerometer,0.000,9.800,0.04387
1700000002810,1,MTK Accelerometer,0.000,9.800,0.04111
1700000002820,1,MTK Accelerometer,0.000,9.800,0.02928
1700000002830,1,MTK Accelerometer,0.000,9.800,0.03187
1700000002840,1,MTK Accelerometer,0.000,9.800,0.02910
1700000002850,1,MTK Accelerometer,0.000,9.800,0.03250
1700000002860,1,MTK Accelerometer,0.000,9.800,0.02030
1700000002870,1,MTK Accelerometer,0.000,9.800,0.01792
1700000002880,1,MTK Accelerometer,0.000,9.800,0.01339
1700000002890,1,MTK Accelerometer,0.000,9.800,0.01309
1700000002900,1,MTK Accelerometer,0.000,9.800,0.01525
1700000002910,1,MTK Accelerometer,0.000,9.800,0.00497
1700000002920,1,MTK Accelerometer,0.000,9.800,-0.00569
1700000002930,1,MTK Accelerometer,0.000,9.800,-0.00730
1700000002940,1,MTK Accelerometer,0.000,9.800,-0.00259
1700000002950,1,MTK Accelerometer,0.000,9.800,-0.01196
1700000002960,1,MTK Accelerometer,0.000,9.800,-0.01855
1700000002970,1,MTK Accelerometer,0.000,9.800,-0.03155
1700000002980,1,MTK Accelerometer,0.000,9.800,-0.02508
1700000002990,1,MTK Accelerometer,0.000,9.800,-0.02483
1700000003000,1,MTK Accelerometer,0.000,9.800,-0.02532
1700000003010,1,MTK Accelerometer,0.000,9.800,-0.02898
1700000003020,1,MTK Accelerometer,0.000,9.800,-0.03231
1700000003030,1,MTK Accelerometer,0.000,9.800,-0.04936
1700000003040,1,MTK Accelerometer,0.000,9.800,-0.03763
1700000003050,1,MTK Accelerometer,0.000,9.800,-0.05225
1700000003060,1,MTK Accelerometer,0.000,9.800,-0.04014
1700000003070,1,MTK Accelerometer,0.000,9.800,-0.04466
1700000003080,1,MTK Accelerometer,0.000,9.800,-0.04730
1700000003090,1,MTK Accelerometer,0.000,9.800,-0.03579
1700000003100,1,MTK Accelerometer,0.000,9.800,-0.04039
1700000003110,1,MTK Accelerometer,0.000,9.800,-0.05055
1700000003120,1,MTK Accelerometer,0.000,9.800,-0.04732
1700000003130,1,MTK Accelerometer,0.000,9.800,-0.05446
1700000003140,1,MTK Accelerometer,0.000,9.800,-0.04351
1700000003150,1,MTK Accelerometer,0.000,9.800,-0.05048
1700000003160,1,MTK Accelerometer,0.000,9.800,-0.04924
1700000003170,1,MTK Accelerometer,0.000,9.800,-0.05112
1700000003180,1,MTK Accelerometer,0.000,9.800,-0.05036
1700000003190,1,MTK Accelerometer,0.000,9.800,-0.03740
1700000003200,1,MTK Accelerometer,0.000,9.800,-0.03880
1700000003210,1,MTK Accelerometer,0.000,9.800,-0.03215
1700000003220,1,MTK Accelerometer,0.000,9.800,-0.03292
1700000003230,1,MTK Accelerometer,0.000,9.800,-0.03687
1700000003240,1,MTK Accelerometer,0.000,9.800,-0.02705
1700000003250,1,MTK Accelerometer,0.000,9.800,-0.02920
1700000003260,1,MTK Accelerometer,0.000,9.800,-0.02655
1700000003270,1,MTK Accelerometer,0.000,9.800,-0.01850
1700000003280,1,MTK Accelerometer,0.000,9.800,-0.02002
1700000003290,1,MTK Accelerometer,0.000,9.800,-0.01580
1700000003300,1,MTK Accelerometer,0.000,9.800,-0.01217
1700000003310,1,MTK Accelerometer,0.000,9.800,-0.01073
1700000003320,1,MTK Accelerometer,0.000,9.800,-0.00381
1700000003330,1,MTK Accelerometer,0.000,9.800,0.00071
1700000003340,1,MTK Accelerometer,0.000,9.800,0.00717
1700000003350,1,MTK Accelerometer,0.000,9.800,0.00228
1700000003360,1,MTK Accelerometer,0.000,9.800,0.01323
1700000003370,1,MTK Accelerometer,0.000,9.800,0.00702
1700000003380,1,MTK Accelerometer,0.000,9.800,0.01450
1700000003390,1,MTK Accelerometer,0.000,9.800,0.01941
1700000003400,1,MTK Accelerometer,0.000,9.800,0.02221
1700000003410,1,MTK Accelerometer,0.000,9.800,0.02410
1700000003420,1,MTK Accelerometer,0.000,9.800,0.01724
1700000003430,1,MTK Accelerometer,0.000,9.800,0.02773
1700000003440,1,MTK Accelerometer,0.000,9.800,0.04202
1700000003450,1,MTK Accelerometer,0.000,9.800,0.03314
1700000003460,1,MTK Accelerometer,0.000,9.800,0.04316
1700000003470,1,MTK Accelerometer,0.000,9.800,0.05099
1700000003480,1,MTK Accelerometer,0.000,9.800,0.04559
1700000003490,1,MTK Accelerometer,0.000,9.800,0.05041
1700000003500,1,MTK Accelerometer,0.000,9.800,0.05566
1700000003510,1,MTK Accelerometer,0.000,9.800,0.05497
1700000003520,1,MTK Accelerometer,0.000,9.800,0.04819
1700000003530,1,MTK Accelerometer,0.000,9.800,0.04877
1700000003540,1,MTK Accelerometer,0.000,9.800,0.04782
1700000003550,1,MTK Accelerometer,0.000,9.800,0.05145
1700000003560,1,MTK Accelerometer,0.000,9.800,0.05036
1700000003570,1,MTK Accelerometer,0.000,9.800,0.05036
1700000003580,1,MTK Accelerometer,0.000,9.800,0.04411
1700000003590,1,MTK Accelerometer,0.000,9.800,0.04432
1700000003600,1,MTK Accelerometer,0.000,9.800,0.04784
1700000003610,1,MTK Accelerometer,0.000,9.800,0.04459
1700000003620,1,MTK Accelerometer,0.000,9.800,0.03926
1700000003630,1,MTK Accelerometer,0.000,9.800,0.03563
1700000003640,1,MTK Accelerometer,0.000,9.800,0.03563
1700000003650,1,MTK Accelerometer,0.000,9.800,0.02553
1700000003660,1,MTK Accelerometer,0.000,9.800,0.03139
1700000003670,1,MTK Accelerometer,0.000,9.800,0.03222
1700000003680,1,MTK Accelerometer,0.000,9.800,0.02723
1700000003690,1,MTK Accelerometer,0.000,9.800,0.01927
1700000003700,1,MTK Accelerometer,0.000,9.800,0.02506
1700000003710,1,MTK Accelerometer,0.000,9.800,0.01941
1700000003720,1,MTK Accelerometer,0.000,9.800,0.00838
1700000003730,1,MTK Accelerometer,0.000,9.800,0.01558
1700000003740,1,MTK Accelerometer,0.000,9.800,0.00459
1700000003750,1,MTK Accelerometer,0.000,9.800,-0.00088
1700000003760,1,MTK Accelerometer,0.000,9.800,-0.01069
1700000003770,1,MTK Accelerometer,0.000,9.800,-0.00776
1700000003780,1,MTK Accelerometer,0.000,9.800,-0.00861
1700000003790,1,MTK Accelerometer,0.000,9.800,-0.01676
1700000003800,1,MTK Accelerometer,0.000,9.800,-0.02120
1700000003810,1,MTK Accelerometer,0.000,9.800,-0.02364
1700000003820,1,MTK Accelerometer,0.000,9.800,-0.02025
1700000003830,1,MTK Accelerometer,0.000,9.800,-0.03208
1700000003840,1,MTK Accelerometer,0.000,9.800,-0.03860
1700000003850,1,MTK Accelerometer,0.000,9.800,-0.04391
1700000003860,1,MTK Accelerometer,0.000,9.800,-0.04433
1700000003870,1,MTK Accelerometer,0.000,9.800,-0.04371
1700000003880,1,MTK Accelerometer,0.000,9.800,-0.03764
1700000003890,1,MTK Accelerometer,0.000,9.800,-0.04701
1700000003900,1,MTK Accelerometer,0.000,9.800,-0.04166
1700000003910,1,MTK Accelerometer,0.000,9.800,-0.04347
1700000003920,1,MTK Accelerometer,0.000,9.800,-0.04484
1700000003930,1,MTK Accelerometer,0.000,9.800,-0.05260
1700000003940,1,MTK Accelerometer,0.000,9.800,-0.03966
1700000003950,1,MTK Accelerometer,0.000,9.800,-0.05249
1700000003960,1,MTK Accelerometer,0.000,9.800,-0.03940
1700000003970,1,MTK Accelerometer,0.000,9.800,-0.05786
1700000003980,1,MTK Accelerometer,0.000,9.800,-0.06006
1700000003990,1,MTK Accelerometer,0.000,9.800,-0.05205
1700000004000,1,MTK Accelerometer,0.000,9.800,-0.05201
1700000004010,1,MTK Accelerometer,0.000,9.800,-0.04289
1700000004020,1,MTK Accelerometer,0.000,9.800,-0.04236
1700000004030,1,MTK Accelerometer,0.000,9.800,-0.04574
1700000004040,1,MTK Accelerometer,0.000,9.800,-0.04106
1700000004050,1,MTK Accelerometer,0.000,9.800,-0.04166
1700000004060,1,MTK Accelerometer,0.000,9.800,-0.03739
1700000004070,1,MTK Accelerometer,0.000,9.800,-0.03380
1700000004080,1,MTK Accelerometer,0.000,9.800,-0.03233
1700000004090,1,MTK Accelerometer,0.000,9.800,-0.03071
1700000004100,1,MTK Accelerometer,0.000,9.800,-0.02789
1700000004110,1,MTK Accelerometer,0.000,9.800,-0.03014
1700000004120,1,MTK Accelerometer,0.000,9.800,-0.01871
1700000004130,1,MTK Accelerometer,0.000,9.800,-0.01492
1700000004140,1,MTK Accelerometer,0.000,9.800,-0.01079
1700000004150,1,MTK Accelerometer,0.000,9.800,-0.00311
1700000004160,1,MTK Accelerometer,0.000,9.800,-0.00112
1700000004170,1,MTK Accelerometer,0.000,9.800,0.00112
1700000004180,1,MTK Accelerometer,0.000,9.800,0.01220
1700000004190,1,MTK Accelerometer,0.000,9.800,0.00218
1700000004200,1,MTK Accelerometer,0.000,9.800,0.02156
1700000004210,1,MTK Accelerometer,0.000,9.800,0.00913
1700000004220,1,MTK Accelerometer,0.000,9.800,0.02811
1700000004230,1,MTK Accelerometer,0.000,9.800,0.01542
1700000004240,1,MTK Accelerometer,0.000,9.800,0.03437
1700000004250,1,MTK Accelerometer,0.000,9.800,0.02982
1700000004260,1,MTK Accelerometer,0.000,9.800,0.03611
1700000004270,1,MTK Accelerometer,0.000,9.800,0.04209
1700000004280,1,MTK Accelerometer,0.000,9.800,0.02932
1700000004290,1,MTK Accelerometer,0.000,9.800,0.03690
1700000004300,1,MTK Accelerometer,0.000,9.800,0.03535
1700000004310,1,MTK Accelerometer,0.000,9.800,0.03852
1700000004320,1,MTK Accelerometer,0.000,9.800,0.04311
1700000004330,1,MTK Accelerometer,0.000,9.800,0.04340
1700000004340,1,MTK Accelerometer,0.000,9.800,0.04149
1700000004350,1,MTK Accelerometer,0.000,9.800,0.05123
1700000004360,1,MTK Accelerometer,0.000,9.800,0.04625
1700000004370,1,MTK Accelerometer,0.000,9.800,0.04395
1700000004380,1,MTK Accelerometer,0.000,9.800,0.05019
1700000004390,1,MTK Accelerometer,0.000,9.800,0.05906
1700000004400,1,MTK Accelerometer,0.000,9.800,0.04821
1700000004410,1,MTK Accelerometer,0.000,9.800,0.04892
1700000004420,1,MTK Accelerometer,0.000,9.800,0.05554
1700000004430,1,MTK Accelerometer,0.000,9.800,0.04545
1700000004440,1,MTK Accelerometer,0.000,9.800,0.04428
1700000004450,1,MTK Accelerometer,0.000,9.800,0.03484
1700000004460,1,MTK Accelerometer,0.000,9.800,0.04093
1700000004470,1,MTK Accelerometer,0.000,9.800,0.03979
1700000004480,1,MTK Accelerometer,0.000,9.800,0.02942
1700000004490,1,MTK Accelerometer,0.000,9.800,0.03225
1700000004500,1,MTK Accelerometer,0.000,9.800,0.02562
1700000004510,1,MTK Accelerometer,0.000,9.800,0.02496
1700000004520,1,MTK Accelerometer,0.000,9.800,0.02241
1700000004530,1,MTK Accelerometer,0.000,9.800,0.02036
1700000004540,1,MTK Accelerometer,0.000,9.800,0.00865
1700000004550,1,MTK Accelerometer,0.000,9.800,0.01884
1700000004560,1,MTK Accelerometer,0.000,9.800,0.01071
1700000004570,1,MTK Accelerometer,0.000,9.800,0.00373
1700000004580,1,MTK Accelerometer,0.000,9.800,-0.00121
1700000004590,1,MTK Accelerometer,0.000,9.800,-0.00206
1700000004600,1,MTK Accelerometer,0.000,9.800,-0.00502
1700000004610,1,MTK Accelerometer,0.000,9.800,-0.00717
1700000004620,1,MTK Accelerometer,0.000,9.800,-0.00586
1700000004630,1,MTK Accelerometer,0.000,9.800,-0.00678
1700000004640,1,MTK Accelerometer,0.000,9.800,-0.01401
1700000004650,1,MTK Accelerometer,0.000,9.800,-0.01562
1700000004660,1,MTK Accelerometer,0.000,9.800,-0.03424
1700000004670,1,MTK Accelerometer,0.000,9.800,-0.02928
1700000004680,1,MTK Accelerometer,0.000,9.800,-0.03707
1700000004690,1,MTK Accelerometer,0.000,9.800,-0.03929
1700000004700,1,MTK Accelerometer,0.000,9.800,-0.03455
1700000004710,1,MTK Accelerometer,0.000,9.800,-0.03544
1700000004720,1,MTK Accelerometer,0.000,9.800,-0.04037
1700000004730,1,MTK Accelerometer,0.000,9.800,-0.04081
1700000004740,1,MTK Accelerometer,0.000,9.800,-0.05132
1700000004750,1,MTK Accelerometer,0.000,9.800,-0.04548
1700000004760,1,MTK Accelerometer,0.000,9.800,-0.05261
1700000004770,1,MTK Accelerometer,0.000,9.800,-0.05018
1700000004780,1,MTK Accelerometer,0.000,9.800,-0.03881
1700000004790,1,MTK Accelerometer,0.000,9.800,-0.04674
1700000004800,1,MTK Accelerometer,0.000,9.800,-0.04640
1700000004810,1,MTK Accelerometer,0.000,9.800,-0.03760
1700000004820,1,MTK Accelerometer,0.000,9.800,-0.05353
1700000004830,1,MTK Accelerometer,0.000,9.800,-0.05134
1700000004840,1,MTK Accelerometer,0.000,9.800,-0.04170
1700000004850,1,MTK Accelerometer,0.000,9.800,-0.04782
1700000004860,1,MTK Accelerometer,0.000,9.800,-0.04876
1700000004870,1,MTK Accelerometer,0.000,9.800,-0.04815
1700000004880,1,MTK Accelerometer,0.000,9.800,-0.04276
1700000004890,1,MTK Accelerometer,0.000,9.800,-0.03486
1700000004900,1,MTK Accelerometer,0.000,9.800,-0.02602
1700000004910,1,MTK Accelerometer,0.000,9.800,-0.02787
1700000004920,1,MTK Accelerometer,0.000,9.800,-0.03619
1700000004930,1,MTK Accelerometer,0.000,9.800,-0.03306
1700000004940,1,MTK Accelerometer,0.000,9.800,-0.02773
1700000004950,1,MTK Accelerometer,0.000,9.800,-0.01568
1700000004960,1,MTK Accelerometer,0.000,9.800,-0.01030
1700000004970,1,MTK Accelerometer,0.000,9.800,-0.00855
1700000004980,1,MTK Accelerometer,0.000,9.800,-0.01773
1700000004990,1,MTK Accelerometer,0.000,9.800,-0.00655
1700000005000,1,MTK Accelerometer,0.000,9.800,-0.00272
1700000005010,1,MTK Accelerometer,0.000,9.800,0.00912
1700000005020,1,MTK Accelerometer,0.000,9.800,0.00839
1700000005030,1,MTK Accelerometer,0.000,9.800,0.01378
1700000005040,1,MTK Accelerometer,0.000,9.800,0.01611
1700000005050,1,MTK Accelerometer,0.000,9.800,0.02300
1700000005060,1,MTK Accelerometer,0.000,9.800,0.01636
1700000005070,1,MTK Accelerometer,0.000,9.800,0.03013
1700000005080,1,MTK Accelerometer,0.000,9.800,0.02913
1700000005090,1,MTK Accelerometer,0.000,9.800,0.02496
1700000005100,1,MTK Accelerometer,0.000,9.800,0.03382
1700000005110,1,MTK Accelerometer,0.000,9.800,0.04146
1700000005120,1,MTK Accelerometer,0.000,9.800,0.04408
1700000005130,1,MTK Accelerometer,0.000,9.800,0.02937
1700000005140,1,MTK Accelerometer,0.000,9.800,0.04693
1700000005150,1,MTK Accelerometer,0.000,9.800,0.04327
1700000005160,1,MTK Accelerometer,0.000,9.800,0.04591
1700000005170,1,MTK Accelerometer,0.000,9.800,0.03948
1700000005180,1,MTK Accelerometer,0.000,9.800,0.04439
1700000005190,1,MTK Accelerometer,0.000,9.800,0.05002
1700000005200,1,MTK Accelerometer,0.000,9.800,0.05250
1700000005210,1,MTK Accelerometer,0.000,9.800,0.05706
1700000005220,1,MTK Accelerometer,0.000,9.800,0.04734
1700000005230,1,MTK Accelerometer,0.000,9.800,0.05174
1700000005240,1,MTK Accelerometer,0.000,9.800,0.03439
1700000005250,1,MTK Accelerometer,0.000,9.800,0.04605
1700000005260,1,MTK Accelerometer,0.000,9.800,0.05131
1700000005270,1,MTK Accelerometer,0.000,9.800,0.04639
1700000005280,1,MTK Accelerometer,0.000,9.800,0.04122
1700000005290,1,MTK Accelerometer,0.000,9.800,0.04188
1700000005300,1,MTK Accelerometer,0.000,9.800,0.03815
1700000005310,1,MTK Accelerometer,0.000,9.800,0.03694
1700000005320,1,MTK Accelerometer,0.000,9.800,0.03591
1700000005330,1,MTK Accelerometer,0.000,9.800,0.03082
1700000005340,1,MTK Accelerometer,0.000,9.800,0.02650
1700000005350,1,MTK Accelerometer,0.000,9.800,0.01754
1700000005360,1,MTK Accelerometer,0.000,9.800,0.02245
1700000005370,1,MTK Accelerometer,0.000,9.800,0.01092
1700000005380,1,MTK Accelerometer,0.000,9.800,0.00705
1700000005390,1,MTK Accelerometer,0.000,9.800,0.00021
1700000005400,1,MTK Accelerometer,0.000,9.800,0.00812
1700000005410,1,MTK Accelerometer,0.000,9.800,-0.00635
1700000005420,1,MTK Accelerometer,0.000,9.800,-0.00563
1700000005430,1,MTK Accelerometer,0.000,9.800,-0.00207
1700000005440,1,MTK Accelerometer,0.000,9.800,-0.00846
1700000005450,1,MTK Accelerometer,0.000,9.800,-0.00377
1700000005460,1,MTK Accelerometer,0.000,9.800,-0.01867
1700000005470,1,MTK Accelerometer,0.000,9.800,-0.02887
1700000005480,1,MTK Accelerometer,0.000,9.800,-0.01574
1700000005490,1,MTK Accelerometer,0.000,9.800,-0.02279
1700000005500,1,MTK Accelerometer,0.000,9.800,-0.03116
1700000005510,1,MTK Accelerometer,0.000,9.800,-0.03587
1700000005520,1,MTK Accelerometer,0.000,9.800,-0.03705
1700000005530,1,MTK Accelerometer,0.000,9.800,-0.03685
1700000005540,1,MTK Accelerometer,0.000,9.800,-0.03480
1700000005550,1,MTK Accelerometer,0.000,9.800,-0.04442
1700000005560,1,MTK Accelerometer,0.000,9.800,-0.03611
1700000005570,1,MTK Accelerometer,0.000,9.800,-0.04617
1700000005580,1,MTK Accelerometer,0.000,9.800,-0.05229
1700000005590,1,MTK Accelerometer,0.000,9.800,-0.05465
1700000005600,1,MTK Accelerometer,0.000,9.800,-0.04868
1700000005610,1,MTK Accelerometer,0.000,9.800,-0.05084
1700000005620,1,MTK Accelerometer,0.000,9.800,-0.04924
1700000005630,1,MTK Accelerometer,0.000,9.800,-0.05876
1700000005640,1,MTK Accelerometer,0.000,9.800,-0.05031
1700000005650,1,MTK Accelerometer,0.000,9.800,-0.04545
1700000005660,1,MTK Accelerometer,0.000,9.800,-0.04427
1700000005670,1,MTK Accelerometer,0.000,9.800,-0.06091
1700000005680,1,MTK Accelerometer,0.000,9.800,-0.04646
1700000005690,1,MTK Accelerometer,0.000,9.800,-0.04583
1700000005700,1,MTK Accelerometer,0.000,9.800,-0.03444
1700000005710,1,MTK Accelerometer,0.000,9.800,-0.05027
1700000005720,1,MTK Accelerometer,0.000,9.800,-0.03885
1700000005730,1,MTK Accelerometer,0.000,9.800,-0.03561
1700000005740,1,MTK Accelerometer,0.000,9.800,-0.02880
1700000005750,1,MTK Accelerometer,0.000,9.800,-0.03501
1700000005760,1,MTK Accelerometer,0.000,9.800,-0.03207
1700000005770,1,MTK Accelerometer,0.000,9.800,-0.02328
1700000005780,1,MTK Accelerometer,0.000,9.800,-0.02830
1700000005790,1,MTK Accelerometer,0.000,9.800,-0.01967
1700000005800,1,MTK Accelerometer,0.000,9.800,-0.01051
1700000005810,1,MTK Accelerometer,0.000,9.800,-0.00908
1700000005820,1,MTK Accelerometer,0.000,9.800,-0.01118
1700000005830,1,MTK Accelerometer,0.000,9.800,-0.00267
1700000005840,1,MTK Accelerometer,0.000,9.800,-0.00275
1700000005850,1,MTK Accelerometer,0.000,9.800,0.00127
1700000005860,1,MTK Accelerometer,0.000,9.800,0.00779
1700000005870,1,MTK Accelerometer,0.000,9.800,0.01485
1700000005880,1,MTK Accelerometer,0.000,9.800,0.03079
1700000005890,1,MTK Accelerometer,0.000,9.800,0.02134
1700000005900,1,MTK Accelerometer,0.000,9.800,0.02560
1700000005910,1,MTK Accelerometer,0.000,9.800,0.02498
1700000005920,1,MTK Accelerometer,0.000,9.800,0.02685
1700000005930,1,MTK Accelerometer,0.000,9.800,0.03450
1700000005940,1,MTK Accelerometer,0.000,9.800,0.03703
1700000005950,1,MTK Accelerometer,0.000,9.800,0.03831
1700000005960,1,MTK Accelerometer,0.000,9.800,0.02674
1700000005970,1,MTK Accelerometer,0.000,9.800,0.03416
1700000005980,1,MTK Accelerometer,0.000,9.800,0.04222
1700000005990,1,MTK Accelerometer,0.000,9.800,0.04010
1700000006000,1,MTK Accelerometer,0.000,9.800,0.05124
1700000006010,1,MTK Accelerometer,0.000,9.800,0.04877
1700000006020,1,MTK Accelerometer,0.000,9.800,0.06160
1700000006030,1,MTK Accelerometer,0.000,9.800,0.05808
1700000006040,1,MTK Accelerometer,0.000,9.800,0.05361
1700000006050,1,MTK Accelerometer,0.000,9.800,0.05245
1700000006060,1,MTK Accelerometer,0.000,9.800,0.05125
1700000006070,1,MTK Accelerometer,0.000,9.800,0.05248
1700000006080,1,MTK Accelerometer,0.000,9.800,0.04751
1700000006090,1,MTK Accelerometer,0.000,9.800,0.05289
1700000006100,1,MTK Accelerometer,0.000,9.800,0.05184
1700000006110,1,MTK Accelerometer,0.000,9.800,0.04667
1700000006120,1,MTK Accelerometer,0.000,9.800,0.04375
1700000006130,1,MTK Accelerometer,0.000,9.800,0.05325
1700000006140,1,MTK Accelerometer,0.000,9.800,0.03952
1700000006150,1,MTK Accelerometer,0.000,9.800,0.03628
1700000006160,1,MTK Accelerometer,0.000,9.800,0.03479
1700000006170,1,MTK Accelerometer,0.000,9.800,0.02560
1700000006180,1,MTK Accelerometer,0.000,9.800,0.03165
1700000006190,1,MTK Accelerometer,0.000,9.800,0.02858
1700000006200,1,MTK Accelerometer,0.000,9.800,0.01863
1700000006210,1,MTK Accelerometer,0.000,9.800,0.01375
1700000006220,1,MTK Accelerometer,0.000,9.800,0.02058
1700000006230,1,MTK Accelerometer,0.000,9.800,0.00818
1700000006240,1,MTK Accelerometer,0.000,9.800,0.00004
1700000006250,1,MTK Accelerometer,0.000,9.800,-0.00423
1700000006260,1,MTK Accelerometer,0.000,9.800,0.00197
1700000006270,1,MTK Accelerometer,0.000,9.800,-0.01689
1700000006280,1,MTK Accelerometer,0.000,9.800,-0.00430
1700000006290,1,MTK Accelerometer,0.000,9.800,-0.01232
1700000006300,1,MTK Accelerometer,0.000,9.800,-0.01821
1700000006310,1,MTK Accelerometer,0.000,9.800,-0.02803
1700000006320,1,MTK Accelerometer,0.000,9.800,-0.02144
1700000006330,1,MTK Accelerometer,0.000,9.800,-0.02264
1700000006340,1,MTK Accelerometer,0.000,9.800,-0.02874
1700000006350,1,MTK Accelerometer,0.000,9.800,-0.03510
1700000006360,1,MTK Accelerometer,0.000,9.800,-0.03687
1700000006370,1,MTK Accelerometer,0.000,9.800,-0.03878
1700000006380,1,MTK Accelerometer,0.000,9.800,-0.03872
1700000006390,1,MTK Accelerometer,0.000,9.800,-0.04970
1700000006400,1,MTK Accelerometer,0.000,9.800,-0.05277
1700000006410,1,MTK Accelerometer,0.000,9.800,-0.05590
1700000006420,1,MTK Accelerometer,0.000,9.800,-0.04773
1700000006430,1,MTK Accelerometer,0.000,9.800,-0.04648
1700000006440,1,MTK Accelerometer,0.000,9.800,-0.04377
1700000006450,1,MTK Accelerometer,0.000,9.800,-0.05142
1700000006460,1,MTK Accelerometer,0.000,9.800,-0.04711
1700000006470,1,MTK Accelerometer,0.000,9.800,-0.06237
1700000006480,1,MTK Accelerometer,0.000,9.800,-0.04814
1700000006490,1,MTK Accelerometer,0.000,9.800,-0.05358
1700000006500,1,MTK Accelerometer,0.000,9.800,-0.04354
1700000006510,1,MTK Accelerometer,0.000,9.800,-0.05020
1700000006520,1,MTK Accelerometer,0.000,9.800,-0.05004
1700000006530,1,MTK Accelerometer,0.000,9.800,-0.04289
1700000006540,1,MTK Accelerometer,0.000,9.800,-0.05512
1700000006550,1,MTK Accelerometer,0.000,9.800,-0.04612
1700000006560,1,MTK Accelerometer,0.000,9.800,-0.04070
1700000006570,1,MTK Accelerometer,0.000,9.800,-0.03139
1700000006580,1,MTK Accelerometer,0.000,9.800,-0.02779
1700000006590,1,MTK Accelerometer,0.000,9.800,-0.02079
1700000006600,1,MTK Accelerometer,0.000,9.800,-0.03393
1700000006610,1,MTK Accelerometer,0.000,9.800,-0.02245
1700000006620,1,MTK Accelerometer,0.000,9.800,-0.01437
1700000006630,1,MTK Accelerometer,0.000,9.800,-0.01513
1700000006640,1,MTK Accelerometer,0.000,9.800,-0.00958
1700000006650,1,MTK Accelerometer,0.000,9.800,-0.00551
1700000006660,1,MTK Accelerometer,0.000,9.800,-0.00425
1700000006670,1,MTK Accelerometer,0.000,9.800,0.00832
1700000006680,1,MTK Accelerometer,0.000,9.800,-0.00731
1700000006690,1,MTK Accelerometer,0.000,9.800,0.00814
1700000006700,1,MTK Accelerometer,0.000,9.800,0.01568
1700000006710,1,MTK Accelerometer,0.000,9.800,0.01693
1700000006720,1,MTK Accelerometer,0.000,9.800,0.02188
1700000006730,1,MTK Accelerometer,0.000,9.800,0.02917
1700000006740,1,MTK Accelerometer,0.000,9.800,0.02992
1700000006750,1,MTK Accelerometer,0.000,9.800,0.03681
1700000006760,1,MTK Accelerometer,0.000,9.800,0.03009
1700000006770,1,MTK Accelerometer,0.000,9.800,0.03563
1700000006780,1,MTK Accelerometer,0.000,9.800,0.03928
1700000006790,1,MTK Accelerometer,0.000,9.800,0.03372
1700000006800,1,MTK Accelerometer,0.000,9.800,0.03758
1700000006810,1,MTK Accelerometer,0.000,9.800,0.03668
1700000006820,1,MTK Accelerometer,0.000,9.800,0.03611
1700000006830,1,MTK Accelerometer,0.000,9.800,0.04407
1700000006840,1,MTK Accelerometer,0.000,9.800,0.05199
1700000006850,1,MTK Accelerometer,0.000,9.800,0.04539
1700000006860,1,MTK Accelerometer,0.000,9.800,0.04172
1700000006870,1,MTK Accelerometer,0.000,9.800,0.04582
1700000006880,1,MTK Accelerometer,0.000,9.800,0.05243
1700000006890,1,MTK Accelerometer,0.000,9.800,0.05052
1700000006900,1,MTK Accelerometer,0.000,9.800,0.05157
1700000006910,1,MTK Accelerometer,0.000,9.800,0.04824
1700000006920,1,MTK Accelerometer,0.000,9.800,0.04757
1700000006930,1,MTK Accelerometer,0.000,9.800,0.04020
1700000006940,1,MTK Accelerometer,0.000,9.800,0.03925
1700000006950,1,MTK Accelerometer,0.000,9.800,0.04480
1700000006960,1,MTK Accelerometer,0.000,9.800,0.03573
1700000006970,1,MTK Accelerometer,0.000,9.800,0.03426
1700000006980,1,MTK Accelerometer,0.000,9.800,0.02626
1700000006990,1,MTK Accelerometer,0.000,9.800,0.02827
1700000007000,1,MTK Accelerometer,0.000,9.800,0.03267
1700000007010,1,MTK Accelerometer,0.000,9.800,0.02951
1700000007020,1,MTK Accelerometer,0.000,9.800,0.01254
1700000007030,1,MTK Accelerometer,0.000,9.800,0.01820
1700000007040,1,MTK Accelerometer,0.000,9.800,0.01140
1700000007050,1,MTK Accelerometer,0.000,9.800,0.00818
1700000007060,1,MTK Accelerometer,0.000,9.800,0.00930
1700000007070,1,MTK Accelerometer,0.000,9.800,0.00573
1700000007080,1,MTK Accelerometer,0.000,9.800,-0.00609
1700000007090,1,MTK Accelerometer,0.000,9.800,-0.00882
1700000007100,1,MTK Accelerometer,0.000,9.800,0.00127
1700000007110,1,MTK Accelerometer,0.000,9.800,-0.00617
1700000007120,1,MTK Accelerometer,0.000,9.800,-0.01267
1700000007130,1,MTK Accelerometer,0.000,9.800,-0.02215
1700000007140,1,MTK Accelerometer,0.000,9.800,-0.01699
1700000007150,1,MTK Accelerometer,0.000,9.800,-0.03624
1700000007160,1,MTK Accelerometer,0.000,9.800,-0.03014
1700000007170,1,MTK Accelerometer,0.000,9.800,-0.02674
1700000007180,1,MTK Accelerometer,0.000,9.800,-0.04310
1700000007190,1,MTK Accelerometer,0.000,9.800,-0.02855
1700000007200,1,MTK Accelerometer,0.000,9.800,-0.03926
1700000007210,1,MTK Accelerometer,0.000,9.800,-0.03856
1700000007220,1,MTK Accelerometer,0.000,9.800,-0.04920
1700000007230,1,MTK Accelerometer,0.000,9.800,-0.04588
1700000007240,1,MTK Accelerometer,0.000,9.800,-0.04629
1700000007250,1,MTK Accelerometer,0.000,9.800,-0.04427
1700000007260,1,MTK Accelerometer,0.000,9.800,-0.04879
1700000007270,1,MTK Accelerometer,0.000,9.800,-0.05159
1700000007280,1,MTK Accelerometer,0.000,9.800,-0.06134
1700000007290,1,MTK Accelerometer,0.000,9.800,-0.04827
1700000007300,1,MTK Accelerometer,0.000,9.800,-0.04845
1700000007310,1,MTK Accelerometer,0.000,9.800,-0.04070
1700000007320,1,MTK Accelerometer,0.000,9.800,-0.05396
1700000007330,1,MTK Accelerometer,0.000,9.800,-0.04923
1700000007340,1,MTK Accelerometer,0.000,9.800,-0.04656
1700000007350,1,MTK Accelerometer,0.000,9.800,-0.04269
1700000007360,1,MTK Accelerometer,0.000,9.800,-0.04037
1700000007370,1,MTK Accelerometer,0.000,9.800,-0.04732
1700000007380,1,MTK Accelerometer,0.000,9.800,-0.03336
1700000007390,1,MTK Accelerometer,0.000,9.800,-0.03321
1700000007400,1,MTK Accelerometer,0.000,9.800,-0.03775
1700000007410,1,MTK Accelerometer,0.000,9.800,-0.03672
1700000007420,1,MTK Accelerometer,0.000,9.800,-0.03450
1700000007430,1,MTK Accelerometer,0.000,9.800,-0.03263
1700000007440,1,MTK Accelerometer,0.000,9.800,-0.02227
1700000007450,1,MTK Accelerometer,0.000,9.800,-0.02468
1700000007460,1,MTK Accelerometer,0.000,9.800,-0.01744
1700000007470,1,MTK Accelerometer,0.000,9.800,-0.01209
1700000007480,1,MTK Accelerometer,0.000,9.800,-0.01135
1700000007490,1,MTK Accelerometer,0.000,9.800,-0.00437
1700000007500,1,MTK Accelerometer,0.000,9.800,-0.00381
1700000007510,1,MTK Accelerometer,0.000,9.800,-0.00709
1700000007520,1,MTK Accelerometer,0.000,9.800,0.01006
1700000007530,1,MTK Accelerometer,0.000,9.800,0.00341
1700000007540,1,MTK Accelerometer,0.000,9.800,0.02010
1700000007550,1,MTK Accelerometer,0.000,9.800,0.01616
1700000007560,1,MTK Accelerometer,0.000,9.800,0.01780
1700000007570,1,MTK Accelerometer,0.000,9.800,0.02819
1700000007580,1,MTK Accelerometer,0.000,9.800,0.03209
1700000007590,1,MTK Accelerometer,0.000,9.800,0.03472
1700000007600,1,MTK Accelerometer,0.000,9.800,0.03614
1700000007610,1,MTK Accelerometer,0.000,9.800,0.02846
1700000007620,1,MTK Accelerometer,0.000,9.800,0.03202
1700000007630,1,MTK Accelerometer,0.000,9.800,0.04999
1700000007640,1,MTK Accelerometer,0.000,9.800,0.04239
1700000007650,1,MTK Accelerometer,0.000,9.800,0.04931
1700000007660,1,MTK Accelerometer,0.000,9.800,0.04486
1700000007670,1,MTK Accelerometer,0.000,9.800,0.04518
1700000007680,1,MTK Accelerometer,0.000,9.800,0.05687
1700000007690,1,MTK Accelerometer,0.000,9.800,0.05231
1700000007700,1,MTK Accelerometer,0.000,9.800,0.05173
1700000007710,1,MTK Accelerometer,0.000,9.800,0.05279
1700000007720,1,MTK Accelerometer,0.000,9.800,0.04438
1700000007730,1,MTK Accelerometer,0.000,9.800,0.04296
1700000007740,1,MTK Accelerometer,0.000,9.800,0.04503
1700000007750,1,MTK Accelerometer,0.000,9.800,0.06247
1700000007760,1,MTK Accelerometer,0.000,9.800,0.04542
1700000007770,1,MTK Accelerometer,0.000,9.800,0.04152
1700000007780,1,MTK Accelerometer,0.000,9.800,0.04282
1700000007790,1,MTK Accelerometer,0.000,9.800,0.05136
1700000007800,1,MTK Accelerometer,0.000,9.800,0.02783
1700000007810,1,MTK Accelerometer,0.000,9.800,0.02873
1700000007820,1,MTK Accelerometer,0.000,9.800,0.03339
1700000007830,1,MTK Accelerometer,0.000,9.800,0.03083
1700000007840,1,MTK Accelerometer,0.000,9.800,0.02539
1700000007850,1,MTK Accelerometer,0.000,9.800,0.03034
1700000007860,1,MTK Accelerometer,0.000,9.800,0.02214
1700000007870,1,MTK Accelerometer,0.000,9.800,0.02100
1700000007880,1,MTK Accelerometer,0.000,9.800,0.01104
1700000007890,1,MTK Accelerometer,0.000,9.800,0.00120
1700000007900,1,MTK Accelerometer,0.000,9.800,0.01043
1700000007910,1,MTK Accelerometer,0.000,9.800,0.00116
1700000007920,1,MTK Accelerometer,0.000,9.800,-0.00764
1700000007930,1,MTK Accelerometer,0.000,9.800,-0.00802
1700000007940,1,MTK Accelerometer,0.000,9.800,-0.00499
1700000007950,1,MTK Accelerometer,0.000,9.800,-0.00870
1700000007960,1,MTK Accelerometer,0.000,9.800,-0.01553
1700000007970,1,MTK Accelerometer,0.000,9.800,-0.02426
1700000007980,1,MTK Accelerometer,0.000,9.800,-0.01816
1700000007990,1,MTK Accelerometer,0.000,9.800,-0.02854
1700000008000,1,MTK Accelerometer,0.000,9.800,-0.03003
1700000008010,1,MTK Accelerometer,0.000,9.800,-0.03312
1700000008020,1,MTK Accelerometer,0.000,9.800,-0.03478
1700000008030,1,MTK Accelerometer,0.000,9.800,-0.04438
1700000008040,1,MTK Accelerometer,0.000,9.800,-0.04357
1700000008050,1,MTK Accelerometer,0.000,9.800,-0.03865
1700000008060,1,MTK Accelerometer,0.000,9.800,-0.05037
1700000008070,1,MTK Accelerometer,0.000,9.800,-0.05132
1700000008080,1,MTK Accelerometer,0.000,9.800,-0.05079
1700000008090,1,MTK Accelerometer,0.000,9.800,-0.03935
1700000008100,1,MTK Accelerometer,0.000,9.800,-0.06153
1700000008110,1,MTK Accelerometer,0.000,9.800,-0.04732
1700000008120,1,MTK Accelerometer,0.000,9.800,-0.05536
1700000008130,1,MTK Accelerometer,0.000,9.800,-0.05075
1700000008140,1,MTK Accelerometer,0.000,9.800,-0.05270
1700000008150,1,MTK Accelerometer,0.000,9.800,-0.05659
1700000008160,1,MTK Accelerometer,0.000,9.800,-0.05394
1700000008170,1,MTK Accelerometer,0.000,9.800,-0.04368
1700000008180,1,MTK Accelerometer,0.000,9.800,-0.04202
1700000008190,1,MTK Accelerometer,0.000,9.800,-0.04332
1700000008200,1,MTK Accelerometer,0.000,9.800,-0.03509
1700000008210,1,MTK Accelerometer,0.000,9.800,-0.03397
1700000008220,1,MTK Accelerometer,0.000,9.800,-0.02921
1700000008230,1,MTK Accelerometer,0.000,9.800,-0.03968
1700000008240,1,MTK Accelerometer,0.000,9.800,-0.03353
1700000008250,1,MTK Accelerometer,0.000,9.800,-0.02872
1700000008260,1,MTK Accelerometer,0.000,9.800,-0.03108
1700000008270,1,MTK Accelerometer,0.000,9.800,-0.02188
1700000008280,1,MTK Accelerometer,0.000,9.800,-0.01438
1700000008290,1,MTK Accelerometer,0.000,9.800,-0.01054
1700000008300,1,MTK Accelerometer,0.000,9.800,-0.00339
1700000008310,1,MTK Accelerometer,0.000,9.800,-0.00380
1700000008320,1,MTK Accelerometer,0.000,9.800,-0.00884
1700000008330,1,MTK Accelerometer,0.000,9.800,0.00138
1700000008340,1,MTK Accelerometer,0.000,9.800,-0.00160
1700000008350,1,MTK Accelerometer,0.000,9.800,0.00458
1700000008360,1,MTK Accelerometer,0.000,9.800,0.01140
1700000008370,1,MTK Accelerometer,0.000,9.800,0.01899
1700000008380,1,MTK Accelerometer,0.000,9.800,0.01845
1700000008390,1,MTK Accelerometer,0.000,9.800,0.02631
1700000008400,1,MTK Accelerometer,0.000,9.800,0.02394
1700000008410,1,MTK Accelerometer,0.000,9.800,0.03228
1700000008420,1,MTK Accelerometer,0.000,9.800,0.02289
1700000008430,1,MTK Accelerometer,0.000,9.800,0.03250
1700000008440,1,MTK Accelerometer,0.000,9.800,0.03019
1700000008450,1,MTK Accelerometer,0.000,9.800,0.02982
1700000008460,1,MTK Accelerometer,0.000,9.800,0.04000
1700000008470,1,MTK Accelerometer,0.000,9.800,0.04423
1700000008480,1,MTK Accelerometer,0.000,9.800,0.05107
1700000008490,1,MTK Accelerometer,0.000,9.800,0.04350
1700000008500,1,MTK Accelerometer,0.000,9.800,0.04705
1700000008510,1,MTK Accelerometer,0.000,9.800,0.05050
1700000008520,1,MTK Accelerometer,0.000,9.800,0.04371
1700000008530,1,MTK Accelerometer,0.000,9.800,0.05342
1700000008540,1,MTK Accelerometer,0.000,9.800,0.05160
1700000008550,1,MTK Accelerometer,0.000,9.800,0.05681
1700000008560,1,MTK Accelerometer,0.000,9.800,0.05426
1700000008570,1,MTK Accelerometer,0.000,9.800,0.05006
1700000008580,1,MTK Accelerometer,0.000,9.800,0.05353
1700000008590,1,MTK Accelerometer,0.000,9.800,0.04836
1700000008600,1,MTK Accelerometer,0.000,9.800,0.04877
1700000008610,1,MTK Accelerometer,0.000,9.800,0.04120
1700000008620,1,MTK Accelerometer,0.000,9.800,0.04668
1700000008630,1,MTK Accelerometer,0.000,9.800,0.04202
1700000008640,1,MTK Accelerometer,0.000,9.800,0.03844
1700000008650,1,MTK Accelerometer,0.000,9.800,0.03108
1700000008660,1,MTK Accelerometer,0.000,9.800,0.03953
1700000008670,1,MTK Accelerometer,0.000,9.800,0.01983
1700000008680,1,MTK Accelerometer,0.000,9.800,0.02280
1700000008690,1,MTK Accelerometer,0.000,9.800,0.02565
1700000008700,1,MTK Accelerometer,0.000,9.800,0.02074
1700000008710,1,MTK Accelerometer,0.000,9.800,0.00892
1700000008720,1,MTK Accelerometer,0.000,9.800,0.01190
1700000008730,1,MTK Accelerometer,0.000,9.800,0.00940
1700000008740,1,MTK Accelerometer,0.000,9.800,-0.00141
1700000008750,1,MTK Accelerometer,0.000,9.800,0.00260
1700000008760,1,MTK Accelerometer,0.000,9.800,-0.00194
1700000008770,1,MTK Accelerometer,0.000,9.800,0.00102
1700000008780,1,MTK Accelerometer,0.000,9.800,-0.00735
1700000008790,1,MTK Accelerometer,0.000,9.800,-0.02275
1700000008800,1,MTK Accelerometer,0.000,9.800,-0.02458
1700000008810,1,MTK Accelerometer,0.000,9.800,-0.03293
1700000008820,1,MTK Accelerometer,0.000,9.800,-0.02535
1700000008830,1,MTK Accelerometer,0.000,9.800,-0.02742
1700000008840,1,MTK Accelerometer,0.000,9.800,-0.03719
1700000008850,1,MTK Accelerometer,0.000,9.800,-0.02910
1700000008860,1,MTK Accelerometer,0.000,9.800,-0.03738
1700000008870,1,MTK Accelerometer,0.000,9.800,-0.04510
1700000008880,1,MTK Accelerometer,0.000,9.800,-0.04479
1700000008890,1,MTK Accelerometer,0.000,9.800,-0.03840
1700000008900,1,MTK Accelerometer,0.000,9.800,-0.03266
1700000008910,1,MTK Accelerometer,0.000,9.800,-0.04753
1700000008920,1,MTK Accelerometer,0.000,9.800,-0.04644
1700000008930,1,MTK Accelerometer,0.000,9.800,-0.05755
1700000008940,1,MTK Accelerometer,0.000,9.800,-0.04828
1700000008950,1,MTK Accelerometer,0.000,9.800,-0.04862
1700000008960,1,MTK Accelerometer,0.000,9.800,-0.05003
1700000008970,1,MTK Accelerometer,0.000,9.800,-0.04969
1700000008980,1,MTK Accelerometer,0.000,9.800,-0.04929
1700000008990,1,MTK Accelerometer,0.000,9.800,-0.05334
1700000009000,1,MTK Accelerometer,0.000,9.800,-0.04758
1700000009010,1,MTK Accelerometer,0.000,9.800,-0.05254
1700000009020,1,MTK Accelerometer,0.000,9.800,-0.05259
1700000009030,1,MTK Accelerometer,0.000,9.800,-0.04967
1700000009040,1,MTK Accelerometer,0.000,9.800,-0.05058
1700000009050,1,MTK Accelerometer,0.000,9.800,-0.03708
1700000009060,1,MTK Accelerometer,0.000,9.800,-0.04131
1700000009070,1,MTK Accelerometer,0.000,9.800,-0.03919
1700000009080,1,MTK Accelerometer,0.000,9.800,-0.03383
1700000009090,1,MTK Accelerometer,0.000,9.800,-0.02606
1700000009100,1,MTK Accelerometer,0.000,9.800,-0.02808
1700000009110,1,MTK Accelerometer,0.000,9.800,-0.01746
1700000009120,1,MTK Accelerometer,0.000,9.800,-0.01130
1700000009130,1,MTK Accelerometer,0.000,9.800,-0.01616
1700000009140,1,MTK Accelerometer,0.000,9.800,-0.00903
1700000009150,1,MTK Accelerometer,0.000,9.800,-0.00999
1700000009160,1,MTK Accelerometer,0.000,9.800,-0.00921
1700000009170,1,MTK Accelerometer,0.000,9.800,0.00264
1700000009180,1,MTK Accelerometer,0.000,9.800,0.02077
1700000009190,1,MTK Accelerometer,0.000,9.800,0.00163
1700000009200,1,MTK Accelerometer,0.000,9.800,0.02013
1700000009210,1,MTK Accelerometer,0.000,9.800,0.00881
1700000009220,1,MTK Accelerometer,0.000,9.800,0.01654
1700000009230,1,MTK Accelerometer,0.000,9.800,0.02202
1700000009240,1,MTK Accelerometer,0.000,9.800,0.03292
1700000009250,1,MTK Accelerometer,0.000,9.800,0.02329
1700000009260,1,MTK Accelerometer,0.000,9.800,0.03951
1700000009270,1,MTK Accelerometer,0.000,9.800,0.04569
1700000009280,1,MTK Accelerometer,0.000,9.800,0.03600
1700000009290,1,MTK Accelerometer,0.000,9.800,0.04094
1700000009300,1,MTK Accelerometer,0.000,9.800,0.03643
1700000009310,1,MTK Accelerometer,0.000,9.800,0.04844
1700000009320,1,MTK Accelerometer,0.000,9.800,0.04437
1700000009330,1,MTK Accelerometer,0.000,9.800,0.04497
1700000009340,1,MTK Accelerometer,0.000,9.800,0.04897
1700000009350,1,MTK Accelerometer,0.000,9.800,0.04895
1700000009360,1,MTK Accelerometer,0.000,9.800,0.05855
1700000009370,1,MTK Accelerometer,0.000,9.800,0.04821
1700000009380,1,MTK Accelerometer,0.000,9.800,0.05550
1700000009390,1,MTK Accelerometer,0.000,9.800,0.04392
1700000009400,1,MTK Accelerometer,0.000,9.800,0.04928
1700000009410,1,MTK Accelerometer,0.000,9.800,0.04595
1700000009420,1,MTK Accelerometer,0.000,9.800,0.04755
1700000009430,1,MTK Accelerometer,0.000,9.800,0.04225
1700000009440,1,MTK Accelerometer,0.000,9.800,0.03802
1700000009450,1,MTK Accelerometer,0.000,9.800,0.03931
1700000009460,1,MTK Accelerometer,0.000,9.800,0.04038
1700000009470,1,MTK Accelerometer,0.000,9.800,0.02655
1700000009480,1,MTK Accelerometer,0.000,9.800,0.03865
1700000009490,1,MTK Accelerometer,0.000,9.800,0.02961
1700000009500,1,MTK Accelerometer,0.000,9.800,0.03009
1700000009510,1,MTK Accelerometer,0.000,9.800,0.01975
1700000009520,1,MTK Accelerometer,0.000,9.800,0.02427
1700000009530,1,MTK Accelerometer,0.000,9.800,0.03241
1700000009540,1,MTK Accelerometer,0.000,9.800,0.02284
1700000009550,1,MTK Accelerometer,0.000,9.800,0.00831
1700000009560,1,MTK Accelerometer,0.000,9.800,0.00650
1700000009570,1,MTK Accelerometer,0.000,9.800,-0.00089
1700000009580,1,MTK Accelerometer,0.000,9.800,-0.00253
1700000009590,1,MTK Accelerometer,0.000,9.800,-0.00221
1700000009600,1,MTK Accelerometer,0.000,9.800,-0.00200
1700000009610,1,MTK Accelerometer,0.000,9.800,-0.00815
1700000009620,1,MTK Accelerometer,0.000,9.800,-0.02388
1700000009630,1,MTK Accelerometer,0.000,9.800,-0.01510
1700000009640,1,MTK Accelerometer,0.000,9.800,-0.02290
1700000009650,1,MTK Accelerometer,0.000,9.800,-0.02587
1700000009660,1,MTK Accelerometer,0.000,9.800,-0.03043
1700000009670,1,MTK Accelerometer,0.000,9.800,-0.02858
1700000009680,1,MTK Accelerometer,0.000,9.800,-0.03859
1700000009690,1,MTK Accelerometer,0.000,9.800,-0.03991
1700000009700,1,MTK Accelerometer,0.000,9.800,-0.03210
1700000009710,1,MTK Accelerometer,0.000,9.800,-0.04473
1700000009720,1,MTK Accelerometer,0.000,9.800,-0.05173
1700000009730,1,MTK Accelerometer,0.000,9.800,-0.03731
1700000009740,1,MTK Accelerometer,0.000,9.800,-0.03735
1700000009750,1,MTK Accelerometer,0.000,9.800,-0.04758
1700000009760,1,MTK Accelerometer,0.000,9.800,-0.04143
1700000009770,1,MTK Accelerometer,0.000,9.800,-0.05400
1700000009780,1,MTK Accelerometer,0.000,9.800,-0.04298
1700000009790,1,MTK Accelerometer,0.000,9.800,-0.04143
1700000009800,1,MTK Accelerometer,0.000,9.800,-0.04481
1700000009810,1,MTK Accelerometer,0.000,9.800,-0.04671
1700000009820,1,MTK Accelerometer,0.000,9.800,-0.05064
1700000009830,1,MTK Accelerometer,0.000,9.800,-0.04391
1700000009840,1,MTK Accelerometer,0.000,9.800,-0.04735
1700000009850,1,MTK Accelerometer,0.000,9.800,-0.04605
1700000009860,1,MTK Accelerometer,0.000,9.800,-0.04302
1700000009870,1,MTK Accelerometer,0.000,9.800,-0.03179
1700000009880,1,MTK Accelerometer,0.000,9.800,-0.04633
1700000009890,1,MTK Accelerometer,0.000,9.800,-0.04295
1700000009900,1,MTK Accelerometer,0.000,9.800,-0.03584
1700000009910,1,MTK Accelerometer,0.000,9.800,-0.03322
1700000009920,1,MTK Accelerometer,0.000,9.800,-0.02655
1700000009930,1,MTK Accelerometer,0.000,9.800,-0.02394
1700000009940,1,MTK Accelerometer,0.000,9.800,-0.02446
1700000009950,1,MTK Accelerometer,0.000,9.800,-0.01828
1700000009960,1,MTK Accelerometer,0.000,9.800,-0.00985
1700000009970,1,MTK Accelerometer,0.000,9.800,-0.01021
1700000009980,1,MTK Accelerometer,0.000,9.800,-0.00542
1700000009990,1,MTK Accelerometer,0.000,9.800,-0.00351
